"LOCATION","INDICATOR","SUBJECT","MEASURE","FREQUENCY","TIME","Value","Flag Codes"
"AUS","MEATCONSUMP","BEEF","KG_CAP","A","2012",22.4272426868263,
"AUS","MEATCONSUMP","BEEF","KG_CAP","A","2013",23.7283312014827,
"AUS","MEATCONSUMP","BEEF","KG_CAP","A","2014",22.5623087650667,
"AUS","MEATCONSUMP","BEEF","KG_CAP","A","2015",19.6992156542418,
"AUS","MEATCONSUMP","BEEF","KG_CAP","A","2016",22.0510261838141,
"AUS","MEATCONSUMP","BEEF","KG_CAP","A","2017",20.9393685421384,
"AUS","MEATCONSUMP","BEEF","KG_CAP","A","2018",20.4833254596177,
"AUS","MEATCONSUMP","BEEF","KG_CAP","A","2019",20.1977784434989,
"AUS","MEATCONSUMP","BEEF","KG_CAP","A","2020",20.2274657594685,
"AUS","MEATCONSUMP","BEEF","KG_CAP","A","2021",20.1303356450519,
"AUS","MEATCONSUMP","BEEF","KG_CAP","A","2022",19.9513946757099,
"AUS","MEATCONSUMP","BEEF","KG_CAP","A","2023",19.8268328772445,
"AUS","MEATCONSUMP","BEEF","KG_CAP","A","2024",19.6692838597189,
"AUS","MEATCONSUMP","BEEF","KG_CAP","A","2025",19.5406445836845,
"AUS","MEATCONSUMP","BEEF","KG_CAP","A","2026",19.4012666179881,
"CAN","MEATCONSUMP","BEEF","KG_CAP","A","2012",19.8217058030981,
"CAN","MEATCONSUMP","BEEF","KG_CAP","A","2013",19.5716168004689,
"CAN","MEATCONSUMP","BEEF","KG_CAP","A","2014",18.1137871165543,
"CAN","MEATCONSUMP","BEEF","KG_CAP","A","2015",16.6801934244329,
"CAN","MEATCONSUMP","BEEF","KG_CAP","A","2016",17.3691334731124,
"CAN","MEATCONSUMP","BEEF","KG_CAP","A","2017",18.3583398733671,
"CAN","MEATCONSUMP","BEEF","KG_CAP","A","2018",18.2022118041594,
"CAN","MEATCONSUMP","BEEF","KG_CAP","A","2019",18.2968239247543,
"CAN","MEATCONSUMP","BEEF","KG_CAP","A","2020",18.4955702762077,
"CAN","MEATCONSUMP","BEEF","KG_CAP","A","2021",18.4539078484063,
"CAN","MEATCONSUMP","BEEF","KG_CAP","A","2022",18.4269183114361,
"CAN","MEATCONSUMP","BEEF","KG_CAP","A","2023",18.4459267871112,
"CAN","MEATCONSUMP","BEEF","KG_CAP","A","2024",18.3896574024951,
"CAN","MEATCONSUMP","BEEF","KG_CAP","A","2025",18.2930486617945,
"CAN","MEATCONSUMP","BEEF","KG_CAP","A","2026",18.0043395321845,
"JPN","MEATCONSUMP","BEEF","KG_CAP","A","2012",6.7988612324694,
"JPN","MEATCONSUMP","BEEF","KG_CAP","A","2013",6.79734098282693,
"JPN","MEATCONSUMP","BEEF","KG_CAP","A","2014",6.76135453251765,
"JPN","MEATCONSUMP","BEEF","KG_CAP","A","2015",6.56499286766079,
"JPN","MEATCONSUMP","BEEF","KG_CAP","A","2016",6.59765803217517,
"JPN","MEATCONSUMP","BEEF","KG_CAP","A","2017",6.61749453885892,
"JPN","MEATCONSUMP","BEEF","KG_CAP","A","2018",6.65665150325704,
"JPN","MEATCONSUMP","BEEF","KG_CAP","A","2019",6.65726819536328,
"JPN","MEATCONSUMP","BEEF","KG_CAP","A","2020",6.67865788802549,
"JPN","MEATCONSUMP","BEEF","KG_CAP","A","2021",6.70144762485855,
"JPN","MEATCONSUMP","BEEF","KG_CAP","A","2022",6.72546800965366,
"JPN","MEATCONSUMP","BEEF","KG_CAP","A","2023",6.75303070202773,
"JPN","MEATCONSUMP","BEEF","KG_CAP","A","2024",6.77839856095453,
"JPN","MEATCONSUMP","BEEF","KG_CAP","A","2025",6.80825444184662,
"JPN","MEATCONSUMP","BEEF","KG_CAP","A","2026",6.84487541340819,
"KOR","MEATCONSUMP","BEEF","KG_CAP","A","2012",8.90372489155124,
"KOR","MEATCONSUMP","BEEF","KG_CAP","A","2013",9.3105356745783,
"KOR","MEATCONSUMP","BEEF","KG_CAP","A","2014",9.74350147493527,
"KOR","MEATCONSUMP","BEEF","KG_CAP","A","2015",10.0072695366885,
"KOR","MEATCONSUMP","BEEF","KG_CAP","A","2016",10.2566269442817,
"KOR","MEATCONSUMP","BEEF","KG_CAP","A","2017",10.3247290881858,
"KOR","MEATCONSUMP","BEEF","KG_CAP","A","2018",10.3563577729553,
"KOR","MEATCONSUMP","BEEF","KG_CAP","A","2019",10.3681192845295,
"KOR","MEATCONSUMP","BEEF","KG_CAP","A","2020",10.4045992158307,
"KOR","MEATCONSUMP","BEEF","KG_CAP","A","2021",10.4556347000068,
"KOR","MEATCONSUMP","BEEF","KG_CAP","A","2022",10.5106698882118,
"KOR","MEATCONSUMP","BEEF","KG_CAP","A","2023",10.5731244535679,
"KOR","MEATCONSUMP","BEEF","KG_CAP","A","2024",10.6152195105497,
"KOR","MEATCONSUMP","BEEF","KG_CAP","A","2025",10.6723931678348,
"KOR","MEATCONSUMP","BEEF","KG_CAP","A","2026",10.7374247816141,
"MEX","MEATCONSUMP","BEEF","KG_CAP","A","2012",8.69636104027001,
"MEX","MEATCONSUMP","BEEF","KG_CAP","A","2013",9.26845818355092,
"MEX","MEATCONSUMP","BEEF","KG_CAP","A","2014",8.81308614170479,
"MEX","MEATCONSUMP","BEEF","KG_CAP","A","2015",8.58719861368824,
"MEX","MEATCONSUMP","BEEF","KG_CAP","A","2016",8.85393964631072,
"MEX","MEATCONSUMP","BEEF","KG_CAP","A","2017",8.59000448212496,
"MEX","MEATCONSUMP","BEEF","KG_CAP","A","2018",8.64778780005179,
"MEX","MEATCONSUMP","BEEF","KG_CAP","A","2019",8.82717423338842,
"MEX","MEATCONSUMP","BEEF","KG_CAP","A","2020",8.81702159929935,
"MEX","MEATCONSUMP","BEEF","KG_CAP","A","2021",8.84978775412138,
"MEX","MEATCONSUMP","BEEF","KG_CAP","A","2022",8.90156824218168,
"MEX","MEATCONSUMP","BEEF","KG_CAP","A","2023",8.91063131289366,
"MEX","MEATCONSUMP","BEEF","KG_CAP","A","2024",8.93016014643061,
"MEX","MEATCONSUMP","BEEF","KG_CAP","A","2025",8.94947723557447,
"MEX","MEATCONSUMP","BEEF","KG_CAP","A","2026",8.9759136685209,
"NZL","MEATCONSUMP","BEEF","KG_CAP","A","2012",18.4318672933386,
"NZL","MEATCONSUMP","BEEF","KG_CAP","A","2013",15.689174343103,
"NZL","MEATCONSUMP","BEEF","KG_CAP","A","2014",14.7173494130949,
"NZL","MEATCONSUMP","BEEF","KG_CAP","A","2015",14.4653390921073,
"NZL","MEATCONSUMP","BEEF","KG_CAP","A","2016",10.4245108735684,
"NZL","MEATCONSUMP","BEEF","KG_CAP","A","2017",12.9750910189041,
"NZL","MEATCONSUMP","BEEF","KG_CAP","A","2018",13.320955004521,
"NZL","MEATCONSUMP","BEEF","KG_CAP","A","2019",13.1685855616761,
"NZL","MEATCONSUMP","BEEF","KG_CAP","A","2020",13.0291500460557,
"NZL","MEATCONSUMP","BEEF","KG_CAP","A","2021",12.8873563818531,
"NZL","MEATCONSUMP","BEEF","KG_CAP","A","2022",12.7477558570275,
"NZL","MEATCONSUMP","BEEF","KG_CAP","A","2023",12.6118712371994,
"NZL","MEATCONSUMP","BEEF","KG_CAP","A","2024",12.5344142934858,
"NZL","MEATCONSUMP","BEEF","KG_CAP","A","2025",12.4641950119911,
"NZL","MEATCONSUMP","BEEF","KG_CAP","A","2026",12.3947103513463,
"TUR","MEATCONSUMP","BEEF","KG_CAP","A","2012",7.33207667310762,
"TUR","MEATCONSUMP","BEEF","KG_CAP","A","2013",7.78761024794933,
"TUR","MEATCONSUMP","BEEF","KG_CAP","A","2014",8.11750818684174,
"TUR","MEATCONSUMP","BEEF","KG_CAP","A","2015",8.46237813800477,
"TUR","MEATCONSUMP","BEEF","KG_CAP","A","2016",8.30799906458085,
"TUR","MEATCONSUMP","BEEF","KG_CAP","A","2017",8.34365885153042,
"TUR","MEATCONSUMP","BEEF","KG_CAP","A","2018",8.37278904003977,
"TUR","MEATCONSUMP","BEEF","KG_CAP","A","2019",8.4055392700384,
"TUR","MEATCONSUMP","BEEF","KG_CAP","A","2020",8.46452764853522,
"TUR","MEATCONSUMP","BEEF","KG_CAP","A","2021",8.54118417979892,
"TUR","MEATCONSUMP","BEEF","KG_CAP","A","2022",8.61420737629074,
"TUR","MEATCONSUMP","BEEF","KG_CAP","A","2023",8.66166042504149,
"TUR","MEATCONSUMP","BEEF","KG_CAP","A","2024",8.70051015775497,
"TUR","MEATCONSUMP","BEEF","KG_CAP","A","2025",8.75133611370565,
"TUR","MEATCONSUMP","BEEF","KG_CAP","A","2026",8.82121411746644,
"USA","MEATCONSUMP","BEEF","KG_CAP","A","2012",26.2714603466092,
"USA","MEATCONSUMP","BEEF","KG_CAP","A","2013",25.7673387258411,
"USA","MEATCONSUMP","BEEF","KG_CAP","A","2014",24.8176457015335,
"USA","MEATCONSUMP","BEEF","KG_CAP","A","2015",24.8114225017506,
"USA","MEATCONSUMP","BEEF","KG_CAP","A","2016",25.6224473964624,
"USA","MEATCONSUMP","BEEF","KG_CAP","A","2017",25.8232856465457,
"USA","MEATCONSUMP","BEEF","KG_CAP","A","2018",26.2801926066987,
"USA","MEATCONSUMP","BEEF","KG_CAP","A","2019",26.2161839825003,
"USA","MEATCONSUMP","BEEF","KG_CAP","A","2020",26.133425960937,
"USA","MEATCONSUMP","BEEF","KG_CAP","A","2021",25.9824822367453,
"USA","MEATCONSUMP","BEEF","KG_CAP","A","2022",25.8645749819626,
"USA","MEATCONSUMP","BEEF","KG_CAP","A","2023",25.8818933750912,
"USA","MEATCONSUMP","BEEF","KG_CAP","A","2024",25.8301394807632,
"USA","MEATCONSUMP","BEEF","KG_CAP","A","2025",25.8428426846415,
"USA","MEATCONSUMP","BEEF","KG_CAP","A","2026",25.8508636712816,
"DZA","MEATCONSUMP","BEEF","KG_CAP","A","2012",4.20679481498516,
"DZA","MEATCONSUMP","BEEF","KG_CAP","A","2013",4.08787062531065,
"DZA","MEATCONSUMP","BEEF","KG_CAP","A","2014",4.20708408235097,
"DZA","MEATCONSUMP","BEEF","KG_CAP","A","2015",3.91766154429479,
"DZA","MEATCONSUMP","BEEF","KG_CAP","A","2016",3.76214058121233,
"DZA","MEATCONSUMP","BEEF","KG_CAP","A","2017",3.89355002155844,
"DZA","MEATCONSUMP","BEEF","KG_CAP","A","2018",3.8622739418065,
"DZA","MEATCONSUMP","BEEF","KG_CAP","A","2019",3.85188753571757,
"DZA","MEATCONSUMP","BEEF","KG_CAP","A","2020",3.86719550837008,
"DZA","MEATCONSUMP","BEEF","KG_CAP","A","2021",3.91285175218912,
"DZA","MEATCONSUMP","BEEF","KG_CAP","A","2022",3.97014424673376,
"DZA","MEATCONSUMP","BEEF","KG_CAP","A","2023",4.01879699220425,
"DZA","MEATCONSUMP","BEEF","KG_CAP","A","2024",4.07644358754887,
"DZA","MEATCONSUMP","BEEF","KG_CAP","A","2025",4.12244341815043,
"DZA","MEATCONSUMP","BEEF","KG_CAP","A","2026",4.16219623705702,
"ARG","MEATCONSUMP","BEEF","KG_CAP","A","2012",40.2254290194427,
"ARG","MEATCONSUMP","BEEF","KG_CAP","A","2013",43.2279575603202,
"ARG","MEATCONSUMP","BEEF","KG_CAP","A","2014",40.3543078359236,
"ARG","MEATCONSUMP","BEEF","KG_CAP","A","2015",40.7695508335434,
"ARG","MEATCONSUMP","BEEF","KG_CAP","A","2016",38.5862045663634,
"ARG","MEATCONSUMP","BEEF","KG_CAP","A","2017",41.2442750034823,
"ARG","MEATCONSUMP","BEEF","KG_CAP","A","2018",40.8538735871939,
"ARG","MEATCONSUMP","BEEF","KG_CAP","A","2019",40.1061726672296,
"ARG","MEATCONSUMP","BEEF","KG_CAP","A","2020",39.7439091639715,
"ARG","MEATCONSUMP","BEEF","KG_CAP","A","2021",39.4386305959491,
"ARG","MEATCONSUMP","BEEF","KG_CAP","A","2022",38.4428466714103,
"ARG","MEATCONSUMP","BEEF","KG_CAP","A","2023",38.016960413243,
"ARG","MEATCONSUMP","BEEF","KG_CAP","A","2024",37.574229291413,
"ARG","MEATCONSUMP","BEEF","KG_CAP","A","2025",37.6716015136287,
"ARG","MEATCONSUMP","BEEF","KG_CAP","A","2026",37.6906779206296,
"BGD","MEATCONSUMP","BEEF","KG_CAP","A","2012",0.897219771632126,
"BGD","MEATCONSUMP","BEEF","KG_CAP","A","2013",0.890826705635669,
"BGD","MEATCONSUMP","BEEF","KG_CAP","A","2014",0.884474492968868,
"BGD","MEATCONSUMP","BEEF","KG_CAP","A","2015",0.886980541833307,
"BGD","MEATCONSUMP","BEEF","KG_CAP","A","2016",0.87655298118247,
"BGD","MEATCONSUMP","BEEF","KG_CAP","A","2017",0.866786885597556,
"BGD","MEATCONSUMP","BEEF","KG_CAP","A","2018",0.844814763246332,
"BGD","MEATCONSUMP","BEEF","KG_CAP","A","2019",0.831791736160182,
"BGD","MEATCONSUMP","BEEF","KG_CAP","A","2020",0.833402144111635,
"BGD","MEATCONSUMP","BEEF","KG_CAP","A","2021",0.842141125905665,
"BGD","MEATCONSUMP","BEEF","KG_CAP","A","2022",0.85204332280935,
"BGD","MEATCONSUMP","BEEF","KG_CAP","A","2023",0.849614869436497,
"BGD","MEATCONSUMP","BEEF","KG_CAP","A","2024",0.843167322481701,
"BGD","MEATCONSUMP","BEEF","KG_CAP","A","2025",0.827302472315623,
"BGD","MEATCONSUMP","BEEF","KG_CAP","A","2026",0.812836166724737,
"BRA","MEATCONSUMP","BEEF","KG_CAP","A","2012",24.7135739589864,
"BRA","MEATCONSUMP","BEEF","KG_CAP","A","2013",26.2477616055786,
"BRA","MEATCONSUMP","BEEF","KG_CAP","A","2014",26.4644077745785,
"BRA","MEATCONSUMP","BEEF","KG_CAP","A","2015",25.6052132871387,
"BRA","MEATCONSUMP","BEEF","KG_CAP","A","2016",25.6606930328434,
"BRA","MEATCONSUMP","BEEF","KG_CAP","A","2017",26.4675427489065,
"BRA","MEATCONSUMP","BEEF","KG_CAP","A","2018",26.4172077091905,
"BRA","MEATCONSUMP","BEEF","KG_CAP","A","2019",26.113259537553,
"BRA","MEATCONSUMP","BEEF","KG_CAP","A","2020",26.0026315437068,
"BRA","MEATCONSUMP","BEEF","KG_CAP","A","2021",26.1360471417968,
"BRA","MEATCONSUMP","BEEF","KG_CAP","A","2022",26.2137210231833,
"BRA","MEATCONSUMP","BEEF","KG_CAP","A","2023",26.1610563404194,
"BRA","MEATCONSUMP","BEEF","KG_CAP","A","2024",26.0320269464691,
"BRA","MEATCONSUMP","BEEF","KG_CAP","A","2025",26.0202635717239,
"BRA","MEATCONSUMP","BEEF","KG_CAP","A","2026",26.1729466310174,
"CHL","MEATCONSUMP","BEEF","KG_CAP","A","2012",14.6131567869228,
"CHL","MEATCONSUMP","BEEF","KG_CAP","A","2013",17.0461366547127,
"CHL","MEATCONSUMP","BEEF","KG_CAP","A","2014",17.4973891846093,
"CHL","MEATCONSUMP","BEEF","KG_CAP","A","2015",16.2635236854627,
"CHL","MEATCONSUMP","BEEF","KG_CAP","A","2016",17.7588056375935,
"CHL","MEATCONSUMP","BEEF","KG_CAP","A","2017",18.1045851178486,
"CHL","MEATCONSUMP","BEEF","KG_CAP","A","2018",17.8403770343485,
"CHL","MEATCONSUMP","BEEF","KG_CAP","A","2019",17.8104642040563,
"CHL","MEATCONSUMP","BEEF","KG_CAP","A","2020",17.8422967044582,
"CHL","MEATCONSUMP","BEEF","KG_CAP","A","2021",17.924900904049,
"CHL","MEATCONSUMP","BEEF","KG_CAP","A","2022",18.0357496351956,
"CHL","MEATCONSUMP","BEEF","KG_CAP","A","2023",18.1158916645136,
"CHL","MEATCONSUMP","BEEF","KG_CAP","A","2024",18.2051582767806,
"CHL","MEATCONSUMP","BEEF","KG_CAP","A","2025",18.2645738505814,
"CHL","MEATCONSUMP","BEEF","KG_CAP","A","2026",18.2696958135972,
"CHN","MEATCONSUMP","BEEF","KG_CAP","A","2012",3.43082841390464,
"CHN","MEATCONSUMP","BEEF","KG_CAP","A","2013",3.58293491435742,
"CHN","MEATCONSUMP","BEEF","KG_CAP","A","2014",3.69414950427788,
"CHN","MEATCONSUMP","BEEF","KG_CAP","A","2015",3.84783466234714,
"CHN","MEATCONSUMP","BEEF","KG_CAP","A","2016",4.00061852279602,
"CHN","MEATCONSUMP","BEEF","KG_CAP","A","2017",4.06703788933825,
"CHN","MEATCONSUMP","BEEF","KG_CAP","A","2018",4.15608670975974,
"CHN","MEATCONSUMP","BEEF","KG_CAP","A","2019",4.26319568957397,
"CHN","MEATCONSUMP","BEEF","KG_CAP","A","2020",4.35125452810046,
"CHN","MEATCONSUMP","BEEF","KG_CAP","A","2021",4.42333346025765,
"CHN","MEATCONSUMP","BEEF","KG_CAP","A","2022",4.49481280059288,
"CHN","MEATCONSUMP","BEEF","KG_CAP","A","2023",4.5527614906949,
"CHN","MEATCONSUMP","BEEF","KG_CAP","A","2024",4.59960831970443,
"CHN","MEATCONSUMP","BEEF","KG_CAP","A","2025",4.65498536831925,
"CHN","MEATCONSUMP","BEEF","KG_CAP","A","2026",4.71653972251662,
"COL","MEATCONSUMP","BEEF","KG_CAP","A","2012",12.6319777172084,
"COL","MEATCONSUMP","BEEF","KG_CAP","A","2013",11.9913751659191,
"COL","MEATCONSUMP","BEEF","KG_CAP","A","2014",12.3327653788685,
"COL","MEATCONSUMP","BEEF","KG_CAP","A","2015",12.1483680878813,
"COL","MEATCONSUMP","BEEF","KG_CAP","A","2016",11.7255606328638,
"COL","MEATCONSUMP","BEEF","KG_CAP","A","2017",11.6929154451807,
"COL","MEATCONSUMP","BEEF","KG_CAP","A","2018",11.6615378431562,
"COL","MEATCONSUMP","BEEF","KG_CAP","A","2019",11.614325984327,
"COL","MEATCONSUMP","BEEF","KG_CAP","A","2020",11.5710762490447,
"COL","MEATCONSUMP","BEEF","KG_CAP","A","2021",11.552823390576,
"COL","MEATCONSUMP","BEEF","KG_CAP","A","2022",11.5385845043185,
"COL","MEATCONSUMP","BEEF","KG_CAP","A","2023",11.5239360889454,
"COL","MEATCONSUMP","BEEF","KG_CAP","A","2024",11.5029736739508,
"COL","MEATCONSUMP","BEEF","KG_CAP","A","2025",11.4855539732247,
"COL","MEATCONSUMP","BEEF","KG_CAP","A","2026",11.4831370905379,
"EGY","MEATCONSUMP","BEEF","KG_CAP","A","2012",8.9807601834676,
"EGY","MEATCONSUMP","BEEF","KG_CAP","A","2013",8.44500604983843,
"EGY","MEATCONSUMP","BEEF","KG_CAP","A","2014",8.89264271681287,
"EGY","MEATCONSUMP","BEEF","KG_CAP","A","2015",9.25601323948661,
"EGY","MEATCONSUMP","BEEF","KG_CAP","A","2016",9.272509071992,
"EGY","MEATCONSUMP","BEEF","KG_CAP","A","2017",9.32074354197894,
"EGY","MEATCONSUMP","BEEF","KG_CAP","A","2018",9.28025864695581,
"EGY","MEATCONSUMP","BEEF","KG_CAP","A","2019",9.19264919401319,
"EGY","MEATCONSUMP","BEEF","KG_CAP","A","2020",9.13736663554447,
"EGY","MEATCONSUMP","BEEF","KG_CAP","A","2021",9.12877835654237,
"EGY","MEATCONSUMP","BEEF","KG_CAP","A","2022",9.12234708530584,
"EGY","MEATCONSUMP","BEEF","KG_CAP","A","2023",9.10422504441786,
"EGY","MEATCONSUMP","BEEF","KG_CAP","A","2024",9.0718916592365,
"EGY","MEATCONSUMP","BEEF","KG_CAP","A","2025",9.05748575766235,
"EGY","MEATCONSUMP","BEEF","KG_CAP","A","2026",9.0805704506014,
"ETH","MEATCONSUMP","BEEF","KG_CAP","A","2012",2.55881227722252,
"ETH","MEATCONSUMP","BEEF","KG_CAP","A","2013",2.52436669540729,
"ETH","MEATCONSUMP","BEEF","KG_CAP","A","2014",2.52684827864391,
"ETH","MEATCONSUMP","BEEF","KG_CAP","A","2015",2.52840430321735,
"ETH","MEATCONSUMP","BEEF","KG_CAP","A","2016",2.4054210532465,
"ETH","MEATCONSUMP","BEEF","KG_CAP","A","2017",2.44393876107765,
"ETH","MEATCONSUMP","BEEF","KG_CAP","A","2018",2.395609211963,
"ETH","MEATCONSUMP","BEEF","KG_CAP","A","2019",2.37506486593026,
"ETH","MEATCONSUMP","BEEF","KG_CAP","A","2020",2.39319990135939,
"ETH","MEATCONSUMP","BEEF","KG_CAP","A","2021",2.4725951592008,
"ETH","MEATCONSUMP","BEEF","KG_CAP","A","2022",2.58056463207746,
"ETH","MEATCONSUMP","BEEF","KG_CAP","A","2023",2.6521164424278,
"ETH","MEATCONSUMP","BEEF","KG_CAP","A","2024",2.7116314174929,
"ETH","MEATCONSUMP","BEEF","KG_CAP","A","2025",2.76311660518571,
"ETH","MEATCONSUMP","BEEF","KG_CAP","A","2026",2.81054819215363,
"GHA","MEATCONSUMP","BEEF","KG_CAP","A","2012",0.904302129298763,
"GHA","MEATCONSUMP","BEEF","KG_CAP","A","2013",0.936385772592791,
"GHA","MEATCONSUMP","BEEF","KG_CAP","A","2014",0.731709138151165,
"GHA","MEATCONSUMP","BEEF","KG_CAP","A","2015",0.868299726850418,
"GHA","MEATCONSUMP","BEEF","KG_CAP","A","2016",0.848987885156909,
"GHA","MEATCONSUMP","BEEF","KG_CAP","A","2017",0.845007180128567,
"GHA","MEATCONSUMP","BEEF","KG_CAP","A","2018",0.831063709012102,
"GHA","MEATCONSUMP","BEEF","KG_CAP","A","2019",0.812722434781266,
"GHA","MEATCONSUMP","BEEF","KG_CAP","A","2020",0.797989827066316,
"GHA","MEATCONSUMP","BEEF","KG_CAP","A","2021",0.78781934754594,
"GHA","MEATCONSUMP","BEEF","KG_CAP","A","2022",0.777743820269134,
"GHA","MEATCONSUMP","BEEF","KG_CAP","A","2023",0.766420552216468,
"GHA","MEATCONSUMP","BEEF","KG_CAP","A","2024",0.753931759695012,
"GHA","MEATCONSUMP","BEEF","KG_CAP","A","2025",0.743270816803423,
"GHA","MEATCONSUMP","BEEF","KG_CAP","A","2026",0.735994704310518,
"HTI","MEATCONSUMP","BEEF","KG_CAP","A","2012",3.46978227845149,
"HTI","MEATCONSUMP","BEEF","KG_CAP","A","2013",3.42240862792091,
"HTI","MEATCONSUMP","BEEF","KG_CAP","A","2014",3.50925981102967,
"HTI","MEATCONSUMP","BEEF","KG_CAP","A","2015",3.46370624036627,
"HTI","MEATCONSUMP","BEEF","KG_CAP","A","2016",3.41993165667573,
"HTI","MEATCONSUMP","BEEF","KG_CAP","A","2017",3.42916838728858,
"HTI","MEATCONSUMP","BEEF","KG_CAP","A","2018",3.44070137802108,
"HTI","MEATCONSUMP","BEEF","KG_CAP","A","2019",3.44973714801455,
"HTI","MEATCONSUMP","BEEF","KG_CAP","A","2020",3.46023742521824,
"HTI","MEATCONSUMP","BEEF","KG_CAP","A","2021",3.47121242924155,
"HTI","MEATCONSUMP","BEEF","KG_CAP","A","2022",3.48486560186491,
"HTI","MEATCONSUMP","BEEF","KG_CAP","A","2023",3.50103981364053,
"HTI","MEATCONSUMP","BEEF","KG_CAP","A","2024",3.51346068874687,
"HTI","MEATCONSUMP","BEEF","KG_CAP","A","2025",3.52954467474228,
"HTI","MEATCONSUMP","BEEF","KG_CAP","A","2026",3.54791366310506,
"IND","MEATCONSUMP","BEEF","KG_CAP","A","2012",0.666988691043716,
"IND","MEATCONSUMP","BEEF","KG_CAP","A","2013",0.454083960660928,
"IND","MEATCONSUMP","BEEF","KG_CAP","A","2014",0.371808253645522,
"IND","MEATCONSUMP","BEEF","KG_CAP","A","2015",0.508294705257935,
"IND","MEATCONSUMP","BEEF","KG_CAP","A","2016",0.519670738766674,
"IND","MEATCONSUMP","BEEF","KG_CAP","A","2017",0.526304081476583,
"IND","MEATCONSUMP","BEEF","KG_CAP","A","2018",0.526457509283434,
"IND","MEATCONSUMP","BEEF","KG_CAP","A","2019",0.523220372651408,
"IND","MEATCONSUMP","BEEF","KG_CAP","A","2020",0.521903934134427,
"IND","MEATCONSUMP","BEEF","KG_CAP","A","2021",0.523455979590828,
"IND","MEATCONSUMP","BEEF","KG_CAP","A","2022",0.52505963687021,
"IND","MEATCONSUMP","BEEF","KG_CAP","A","2023",0.5256572080998,
"IND","MEATCONSUMP","BEEF","KG_CAP","A","2024",0.525244504568235,
"IND","MEATCONSUMP","BEEF","KG_CAP","A","2025",0.525896765457087,
"IND","MEATCONSUMP","BEEF","KG_CAP","A","2026",0.528996371539408,
"IDN","MEATCONSUMP","BEEF","KG_CAP","A","2012",1.66789060621191,
"IDN","MEATCONSUMP","BEEF","KG_CAP","A","2013",1.80802765872397,
"IDN","MEATCONSUMP","BEEF","KG_CAP","A","2014",1.89817617102732,
"IDN","MEATCONSUMP","BEEF","KG_CAP","A","2015",1.82362569401246,
"IDN","MEATCONSUMP","BEEF","KG_CAP","A","2016",1.8401181052655,
"IDN","MEATCONSUMP","BEEF","KG_CAP","A","2017",1.8693828637677,
"IDN","MEATCONSUMP","BEEF","KG_CAP","A","2018",1.89821217975961,
"IDN","MEATCONSUMP","BEEF","KG_CAP","A","2019",1.92802580140633,
"IDN","MEATCONSUMP","BEEF","KG_CAP","A","2020",1.95894547381671,
"IDN","MEATCONSUMP","BEEF","KG_CAP","A","2021",1.98963012061914,
"IDN","MEATCONSUMP","BEEF","KG_CAP","A","2022",2.02322996738514,
"IDN","MEATCONSUMP","BEEF","KG_CAP","A","2023",2.05881652126096,
"IDN","MEATCONSUMP","BEEF","KG_CAP","A","2024",2.09326952373539,
"IDN","MEATCONSUMP","BEEF","KG_CAP","A","2025",2.13025743203943,
"IDN","MEATCONSUMP","BEEF","KG_CAP","A","2026",2.16889340808037,
"IRN","MEATCONSUMP","BEEF","KG_CAP","A","2012",3.47440247761925,
"IRN","MEATCONSUMP","BEEF","KG_CAP","A","2013",3.22996871777889,
"IRN","MEATCONSUMP","BEEF","KG_CAP","A","2014",3.36815638483183,
"IRN","MEATCONSUMP","BEEF","KG_CAP","A","2015",3.07928514572312,
"IRN","MEATCONSUMP","BEEF","KG_CAP","A","2016",3.33195282794343,
"IRN","MEATCONSUMP","BEEF","KG_CAP","A","2017",3.34920480008271,
"IRN","MEATCONSUMP","BEEF","KG_CAP","A","2018",3.34305225285808,
"IRN","MEATCONSUMP","BEEF","KG_CAP","A","2019",3.32353137611695,
"IRN","MEATCONSUMP","BEEF","KG_CAP","A","2020",3.31444238669254,
"IRN","MEATCONSUMP","BEEF","KG_CAP","A","2021",3.31878534113789,
"IRN","MEATCONSUMP","BEEF","KG_CAP","A","2022",3.32445966001796,
"IRN","MEATCONSUMP","BEEF","KG_CAP","A","2023",3.32807105237154,
"IRN","MEATCONSUMP","BEEF","KG_CAP","A","2024",3.32865156141304,
"IRN","MEATCONSUMP","BEEF","KG_CAP","A","2025",3.33517353942646,
"IRN","MEATCONSUMP","BEEF","KG_CAP","A","2026",3.35304904562079,
"ISR","MEATCONSUMP","BEEF","KG_CAP","A","2012",19.2864782812681,
"ISR","MEATCONSUMP","BEEF","KG_CAP","A","2013",20.5939763258811,
"ISR","MEATCONSUMP","BEEF","KG_CAP","A","2014",20.3665731256959,
"ISR","MEATCONSUMP","BEEF","KG_CAP","A","2015",20.2255941190768,
"ISR","MEATCONSUMP","BEEF","KG_CAP","A","2016",19.9085500570036,
"ISR","MEATCONSUMP","BEEF","KG_CAP","A","2017",20.0091633663374,
"ISR","MEATCONSUMP","BEEF","KG_CAP","A","2018",20.0359855403003,
"ISR","MEATCONSUMP","BEEF","KG_CAP","A","2019",20.0132446517312,
"ISR","MEATCONSUMP","BEEF","KG_CAP","A","2020",20.0209692005403,
"ISR","MEATCONSUMP","BEEF","KG_CAP","A","2021",20.0594911159704,
"ISR","MEATCONSUMP","BEEF","KG_CAP","A","2022",20.1152838759064,
"ISR","MEATCONSUMP","BEEF","KG_CAP","A","2023",20.1570931411915,
"ISR","MEATCONSUMP","BEEF","KG_CAP","A","2024",20.2107726460163,
"ISR","MEATCONSUMP","BEEF","KG_CAP","A","2025",20.2526303363124,
"ISR","MEATCONSUMP","BEEF","KG_CAP","A","2026",20.2424194534489,
"KAZ","MEATCONSUMP","BEEF","KG_CAP","A","2012",16.6454041444678,
"KAZ","MEATCONSUMP","BEEF","KG_CAP","A","2013",16.9068776663713,
"KAZ","MEATCONSUMP","BEEF","KG_CAP","A","2014",17.2062248656141,
"KAZ","MEATCONSUMP","BEEF","KG_CAP","A","2015",17.2366545003952,
"KAZ","MEATCONSUMP","BEEF","KG_CAP","A","2016",17.2497028906694,
"KAZ","MEATCONSUMP","BEEF","KG_CAP","A","2017",17.2224647396527,
"KAZ","MEATCONSUMP","BEEF","KG_CAP","A","2018",17.0353174927999,
"KAZ","MEATCONSUMP","BEEF","KG_CAP","A","2019",16.9669662320109,
"KAZ","MEATCONSUMP","BEEF","KG_CAP","A","2020",17.013046593337,
"KAZ","MEATCONSUMP","BEEF","KG_CAP","A","2021",17.1996492256841,
"KAZ","MEATCONSUMP","BEEF","KG_CAP","A","2022",17.4151961078731,
"KAZ","MEATCONSUMP","BEEF","KG_CAP","A","2023",17.6012903063727,
"KAZ","MEATCONSUMP","BEEF","KG_CAP","A","2024",17.8075938477806,
"KAZ","MEATCONSUMP","BEEF","KG_CAP","A","2025",17.9907072422956,
"KAZ","MEATCONSUMP","BEEF","KG_CAP","A","2026",18.1722007699461,
"MYS","MEATCONSUMP","BEEF","KG_CAP","A","2012",4.43802171736279,
"MYS","MEATCONSUMP","BEEF","KG_CAP","A","2013",4.87012380974683,
"MYS","MEATCONSUMP","BEEF","KG_CAP","A","2014",4.91605912647983,
"MYS","MEATCONSUMP","BEEF","KG_CAP","A","2015",5.44657101758234,
"MYS","MEATCONSUMP","BEEF","KG_CAP","A","2016",5.39484124403283,
"MYS","MEATCONSUMP","BEEF","KG_CAP","A","2017",5.44576728012514,
"MYS","MEATCONSUMP","BEEF","KG_CAP","A","2018",5.46909869447401,
"MYS","MEATCONSUMP","BEEF","KG_CAP","A","2019",5.48126487082564,
"MYS","MEATCONSUMP","BEEF","KG_CAP","A","2020",5.50286307832047,
"MYS","MEATCONSUMP","BEEF","KG_CAP","A","2021",5.53720788431772,
"MYS","MEATCONSUMP","BEEF","KG_CAP","A","2022",5.57189343414226,
"MYS","MEATCONSUMP","BEEF","KG_CAP","A","2023",5.60281042910188,
"MYS","MEATCONSUMP","BEEF","KG_CAP","A","2024",5.63033257150361,
"MYS","MEATCONSUMP","BEEF","KG_CAP","A","2025",5.66480633466139,
"MYS","MEATCONSUMP","BEEF","KG_CAP","A","2026",5.7117648420798,
"MOZ","MEATCONSUMP","BEEF","KG_CAP","A","2012",0.816074966978109,
"MOZ","MEATCONSUMP","BEEF","KG_CAP","A","2013",0.84633119206504,
"MOZ","MEATCONSUMP","BEEF","KG_CAP","A","2014",0.823036800032921,
"MOZ","MEATCONSUMP","BEEF","KG_CAP","A","2015",0.825652855507891,
"MOZ","MEATCONSUMP","BEEF","KG_CAP","A","2016",0.803440254652302,
"MOZ","MEATCONSUMP","BEEF","KG_CAP","A","2017",0.830741577272773,
"MOZ","MEATCONSUMP","BEEF","KG_CAP","A","2018",0.837092019293853,
"MOZ","MEATCONSUMP","BEEF","KG_CAP","A","2019",0.850575083498105,
"MOZ","MEATCONSUMP","BEEF","KG_CAP","A","2020",0.871111532870681,
"MOZ","MEATCONSUMP","BEEF","KG_CAP","A","2021",0.896634546621963,
"MOZ","MEATCONSUMP","BEEF","KG_CAP","A","2022",0.926788860488168,
"MOZ","MEATCONSUMP","BEEF","KG_CAP","A","2023",0.952079413613474,
"MOZ","MEATCONSUMP","BEEF","KG_CAP","A","2024",0.98155966694085,
"MOZ","MEATCONSUMP","BEEF","KG_CAP","A","2025",1.00767136273421,
"MOZ","MEATCONSUMP","BEEF","KG_CAP","A","2026",1.03338025636542,
"NGA","MEATCONSUMP","BEEF","KG_CAP","A","2012",1.20660673655079,
"NGA","MEATCONSUMP","BEEF","KG_CAP","A","2013",1.64046816820522,
"NGA","MEATCONSUMP","BEEF","KG_CAP","A","2014",1.66445049834628,
"NGA","MEATCONSUMP","BEEF","KG_CAP","A","2015",1.66353863591808,
"NGA","MEATCONSUMP","BEEF","KG_CAP","A","2016",1.6359377062303,
"NGA","MEATCONSUMP","BEEF","KG_CAP","A","2017",1.64093632731273,
"NGA","MEATCONSUMP","BEEF","KG_CAP","A","2018",1.63166087373022,
"NGA","MEATCONSUMP","BEEF","KG_CAP","A","2019",1.61552346473253,
"NGA","MEATCONSUMP","BEEF","KG_CAP","A","2020",1.60392354707026,
"NGA","MEATCONSUMP","BEEF","KG_CAP","A","2021",1.59976442538019,
"NGA","MEATCONSUMP","BEEF","KG_CAP","A","2022",1.59620764042234,
"NGA","MEATCONSUMP","BEEF","KG_CAP","A","2023",1.59040333447352,
"NGA","MEATCONSUMP","BEEF","KG_CAP","A","2024",1.58197364618785,
"NGA","MEATCONSUMP","BEEF","KG_CAP","A","2025",1.57567510009961,
"NGA","MEATCONSUMP","BEEF","KG_CAP","A","2026",1.57446182073644,
"PAK","MEATCONSUMP","BEEF","KG_CAP","A","2012",6.17163376641313,
"PAK","MEATCONSUMP","BEEF","KG_CAP","A","2013",6.20444593089179,
"PAK","MEATCONSUMP","BEEF","KG_CAP","A","2014",6.24174893480907,
"PAK","MEATCONSUMP","BEEF","KG_CAP","A","2015",6.28397944643286,
"PAK","MEATCONSUMP","BEEF","KG_CAP","A","2016",6.33834042520089,
"PAK","MEATCONSUMP","BEEF","KG_CAP","A","2017",6.33943770557246,
"PAK","MEATCONSUMP","BEEF","KG_CAP","A","2018",6.34627402640712,
"PAK","MEATCONSUMP","BEEF","KG_CAP","A","2019",6.34245545276123,
"PAK","MEATCONSUMP","BEEF","KG_CAP","A","2020",6.34218473425548,
"PAK","MEATCONSUMP","BEEF","KG_CAP","A","2021",6.34638393461606,
"PAK","MEATCONSUMP","BEEF","KG_CAP","A","2022",6.36160915824711,
"PAK","MEATCONSUMP","BEEF","KG_CAP","A","2023",6.37968500033871,
"PAK","MEATCONSUMP","BEEF","KG_CAP","A","2024",6.39817584835338,
"PAK","MEATCONSUMP","BEEF","KG_CAP","A","2025",6.41828897026085,
"PAK","MEATCONSUMP","BEEF","KG_CAP","A","2026",6.445484181625,
"PRY","MEATCONSUMP","BEEF","KG_CAP","A","2012",25.2384326463045,
"PRY","MEATCONSUMP","BEEF","KG_CAP","A","2013",22.8437285975239,
"PRY","MEATCONSUMP","BEEF","KG_CAP","A","2014",22.7546043354312,
"PRY","MEATCONSUMP","BEEF","KG_CAP","A","2015",25.3045584354553,
"PRY","MEATCONSUMP","BEEF","KG_CAP","A","2016",24.6675661361203,
"PRY","MEATCONSUMP","BEEF","KG_CAP","A","2017",25.5217587544749,
"PRY","MEATCONSUMP","BEEF","KG_CAP","A","2018",25.4378306346003,
"PRY","MEATCONSUMP","BEEF","KG_CAP","A","2019",25.4958960809297,
"PRY","MEATCONSUMP","BEEF","KG_CAP","A","2020",25.7257898873027,
"PRY","MEATCONSUMP","BEEF","KG_CAP","A","2021",26.0922354198564,
"PRY","MEATCONSUMP","BEEF","KG_CAP","A","2022",26.5401741224602,
"PRY","MEATCONSUMP","BEEF","KG_CAP","A","2023",26.8675335672618,
"PRY","MEATCONSUMP","BEEF","KG_CAP","A","2024",27.2614921178861,
"PRY","MEATCONSUMP","BEEF","KG_CAP","A","2025",27.57642709361,
"PRY","MEATCONSUMP","BEEF","KG_CAP","A","2026",27.8797717386264,
"PER","MEATCONSUMP","BEEF","KG_CAP","A","2012",4.38678367851209,
"PER","MEATCONSUMP","BEEF","KG_CAP","A","2013",4.51162848522482,
"PER","MEATCONSUMP","BEEF","KG_CAP","A","2014",4.61044485304207,
"PER","MEATCONSUMP","BEEF","KG_CAP","A","2015",4.70731916420704,
"PER","MEATCONSUMP","BEEF","KG_CAP","A","2016",4.75857471874998,
"PER","MEATCONSUMP","BEEF","KG_CAP","A","2017",4.77938552935642,
"PER","MEATCONSUMP","BEEF","KG_CAP","A","2018",4.75138248720573,
"PER","MEATCONSUMP","BEEF","KG_CAP","A","2019",4.73720233770465,
"PER","MEATCONSUMP","BEEF","KG_CAP","A","2020",4.73892773560538,
"PER","MEATCONSUMP","BEEF","KG_CAP","A","2021",4.80019896479164,
"PER","MEATCONSUMP","BEEF","KG_CAP","A","2022",4.81935566437981,
"PER","MEATCONSUMP","BEEF","KG_CAP","A","2023",4.85201328442548,
"PER","MEATCONSUMP","BEEF","KG_CAP","A","2024",4.89316302327766,
"PER","MEATCONSUMP","BEEF","KG_CAP","A","2025",4.92185898318501,
"PER","MEATCONSUMP","BEEF","KG_CAP","A","2026",4.98699273424925,
"PHL","MEATCONSUMP","BEEF","KG_CAP","A","2012",2.95988265450442,
"PHL","MEATCONSUMP","BEEF","KG_CAP","A","2013",2.88403356383738,
"PHL","MEATCONSUMP","BEEF","KG_CAP","A","2014",3.02202903830987,
"PHL","MEATCONSUMP","BEEF","KG_CAP","A","2015",2.97519151057504,
"PHL","MEATCONSUMP","BEEF","KG_CAP","A","2016",2.91637771022883,
"PHL","MEATCONSUMP","BEEF","KG_CAP","A","2017",2.94615947473093,
"PHL","MEATCONSUMP","BEEF","KG_CAP","A","2018",2.94225641752667,
"PHL","MEATCONSUMP","BEEF","KG_CAP","A","2019",2.92328491960569,
"PHL","MEATCONSUMP","BEEF","KG_CAP","A","2020",2.91347093676992,
"PHL","MEATCONSUMP","BEEF","KG_CAP","A","2021",2.91735796148648,
"PHL","MEATCONSUMP","BEEF","KG_CAP","A","2022",2.92028920311967,
"PHL","MEATCONSUMP","BEEF","KG_CAP","A","2023",2.91740853216128,
"PHL","MEATCONSUMP","BEEF","KG_CAP","A","2024",2.90896649972068,
"PHL","MEATCONSUMP","BEEF","KG_CAP","A","2025",2.90584139439535,
"PHL","MEATCONSUMP","BEEF","KG_CAP","A","2026",2.91454771281738,
"RUS","MEATCONSUMP","BEEF","KG_CAP","A","2012",14.0517909734617,
"RUS","MEATCONSUMP","BEEF","KG_CAP","A","2013",12.1621814386025,
"RUS","MEATCONSUMP","BEEF","KG_CAP","A","2014",11.8797484591455,
"RUS","MEATCONSUMP","BEEF","KG_CAP","A","2015",10.2255166515784,
"RUS","MEATCONSUMP","BEEF","KG_CAP","A","2016",9.76403883734322,
"RUS","MEATCONSUMP","BEEF","KG_CAP","A","2017",10.0631807814134,
"RUS","MEATCONSUMP","BEEF","KG_CAP","A","2018",10.0805379360631,
"RUS","MEATCONSUMP","BEEF","KG_CAP","A","2019",10.0807731713956,
"RUS","MEATCONSUMP","BEEF","KG_CAP","A","2020",10.1675328620736,
"RUS","MEATCONSUMP","BEEF","KG_CAP","A","2021",10.3303733682612,
"RUS","MEATCONSUMP","BEEF","KG_CAP","A","2022",10.4905642477537,
"RUS","MEATCONSUMP","BEEF","KG_CAP","A","2023",10.6416612921192,
"RUS","MEATCONSUMP","BEEF","KG_CAP","A","2024",10.7904040133418,
"RUS","MEATCONSUMP","BEEF","KG_CAP","A","2025",10.9560301189222,
"RUS","MEATCONSUMP","BEEF","KG_CAP","A","2026",11.1417364741786,
"SAU","MEATCONSUMP","BEEF","KG_CAP","A","2012",4.43788236051946,
"SAU","MEATCONSUMP","BEEF","KG_CAP","A","2013",4.14886237399031,
"SAU","MEATCONSUMP","BEEF","KG_CAP","A","2014",4.12477409253351,
"SAU","MEATCONSUMP","BEEF","KG_CAP","A","2015",3.97268643329168,
"SAU","MEATCONSUMP","BEEF","KG_CAP","A","2016",3.83108759663623,
"SAU","MEATCONSUMP","BEEF","KG_CAP","A","2017",3.86721613872341,
"SAU","MEATCONSUMP","BEEF","KG_CAP","A","2018",3.83621172615356,
"SAU","MEATCONSUMP","BEEF","KG_CAP","A","2019",3.82920787977439,
"SAU","MEATCONSUMP","BEEF","KG_CAP","A","2020",3.82847765823681,
"SAU","MEATCONSUMP","BEEF","KG_CAP","A","2021",3.83314769560345,
"SAU","MEATCONSUMP","BEEF","KG_CAP","A","2022",3.84031497907279,
"SAU","MEATCONSUMP","BEEF","KG_CAP","A","2023",3.84310348713093,
"SAU","MEATCONSUMP","BEEF","KG_CAP","A","2024",3.84941896798193,
"SAU","MEATCONSUMP","BEEF","KG_CAP","A","2025",3.85203197637582,
"SAU","MEATCONSUMP","BEEF","KG_CAP","A","2026",3.85382095191255,
"ZAF","MEATCONSUMP","BEEF","KG_CAP","A","2012",11.1682530153431,
"ZAF","MEATCONSUMP","BEEF","KG_CAP","A","2013",11.0078119895665,
"ZAF","MEATCONSUMP","BEEF","KG_CAP","A","2014",10.9599853990389,
"ZAF","MEATCONSUMP","BEEF","KG_CAP","A","2015",10.3155766308237,
"ZAF","MEATCONSUMP","BEEF","KG_CAP","A","2016",10.8732603101808,
"ZAF","MEATCONSUMP","BEEF","KG_CAP","A","2017",10.9776222250427,
"ZAF","MEATCONSUMP","BEEF","KG_CAP","A","2018",10.840842744744,
"ZAF","MEATCONSUMP","BEEF","KG_CAP","A","2019",10.8065809242869,
"ZAF","MEATCONSUMP","BEEF","KG_CAP","A","2020",10.8140206254671,
"ZAF","MEATCONSUMP","BEEF","KG_CAP","A","2021",10.8578271329792,
"ZAF","MEATCONSUMP","BEEF","KG_CAP","A","2022",10.9163260660115,
"ZAF","MEATCONSUMP","BEEF","KG_CAP","A","2023",10.9565174229517,
"ZAF","MEATCONSUMP","BEEF","KG_CAP","A","2024",11.0122070381328,
"ZAF","MEATCONSUMP","BEEF","KG_CAP","A","2025",11.0502936101339,
"ZAF","MEATCONSUMP","BEEF","KG_CAP","A","2026",11.0865719840147,
"SDN","MEATCONSUMP","BEEF","KG_CAP","A","2012",0.007372716922,
"SDN","MEATCONSUMP","BEEF","KG_CAP","A","2013",0.007184467302,
"SDN","MEATCONSUMP","BEEF","KG_CAP","A","2014",0.007003313406,
"SDN","MEATCONSUMP","BEEF","KG_CAP","A","2015",0.006847401288,
"SDN","MEATCONSUMP","BEEF","KG_CAP","A","2016",0.006677923915,
"SDN","MEATCONSUMP","BEEF","KG_CAP","A","2017",0.006511600498,
"SDN","MEATCONSUMP","BEEF","KG_CAP","A","2018",0.006201327251,
"SDN","MEATCONSUMP","BEEF","KG_CAP","A","2019",0.005939327687,
"SDN","MEATCONSUMP","BEEF","KG_CAP","A","2020",0.00574472806,
"SDN","MEATCONSUMP","BEEF","KG_CAP","A","2021",0.005690683924,
"SDN","MEATCONSUMP","BEEF","KG_CAP","A","2022",0.005630543776,
"SDN","MEATCONSUMP","BEEF","KG_CAP","A","2023",0.005539330864,
"SDN","MEATCONSUMP","BEEF","KG_CAP","A","2024",0.005462442889,
"SDN","MEATCONSUMP","BEEF","KG_CAP","A","2025",0.005355259243,
"SDN","MEATCONSUMP","BEEF","KG_CAP","A","2026",0.005247231841,
"TZA","MEATCONSUMP","BEEF","KG_CAP","A","2012",4.18741961007456,
"TZA","MEATCONSUMP","BEEF","KG_CAP","A","2013",4.19608606935272,
"TZA","MEATCONSUMP","BEEF","KG_CAP","A","2014",4.13333019442089,
"TZA","MEATCONSUMP","BEEF","KG_CAP","A","2015",4.09759265029151,
"TZA","MEATCONSUMP","BEEF","KG_CAP","A","2016",3.99779024637085,
"TZA","MEATCONSUMP","BEEF","KG_CAP","A","2017",4.05014822870531,
"TZA","MEATCONSUMP","BEEF","KG_CAP","A","2018",4.10157236673054,
"TZA","MEATCONSUMP","BEEF","KG_CAP","A","2019",4.11482435377025,
"TZA","MEATCONSUMP","BEEF","KG_CAP","A","2020",4.14614934711731,
"TZA","MEATCONSUMP","BEEF","KG_CAP","A","2021",4.16566488346991,
"TZA","MEATCONSUMP","BEEF","KG_CAP","A","2022",4.16750454189651,
"TZA","MEATCONSUMP","BEEF","KG_CAP","A","2023",4.1387083179266,
"TZA","MEATCONSUMP","BEEF","KG_CAP","A","2024",4.14533800129341,
"TZA","MEATCONSUMP","BEEF","KG_CAP","A","2025",4.16962898835946,
"TZA","MEATCONSUMP","BEEF","KG_CAP","A","2026",4.19122557572821,
"THA","MEATCONSUMP","BEEF","KG_CAP","A","2012",2.00106812966981,
"THA","MEATCONSUMP","BEEF","KG_CAP","A","2013",1.85763324182056,
"THA","MEATCONSUMP","BEEF","KG_CAP","A","2014",1.7674162854491,
"THA","MEATCONSUMP","BEEF","KG_CAP","A","2015",1.72014552989975,
"THA","MEATCONSUMP","BEEF","KG_CAP","A","2016",1.77705097876475,
"THA","MEATCONSUMP","BEEF","KG_CAP","A","2017",1.78047988560875,
"THA","MEATCONSUMP","BEEF","KG_CAP","A","2018",1.78538786056788,
"THA","MEATCONSUMP","BEEF","KG_CAP","A","2019",1.78420788621329,
"THA","MEATCONSUMP","BEEF","KG_CAP","A","2020",1.79194661530614,
"THA","MEATCONSUMP","BEEF","KG_CAP","A","2021",1.80277026514037,
"THA","MEATCONSUMP","BEEF","KG_CAP","A","2022",1.82111323434527,
"THA","MEATCONSUMP","BEEF","KG_CAP","A","2023",1.83524379606763,
"THA","MEATCONSUMP","BEEF","KG_CAP","A","2024",1.85310155004546,
"THA","MEATCONSUMP","BEEF","KG_CAP","A","2025",1.86475372609,
"THA","MEATCONSUMP","BEEF","KG_CAP","A","2026",1.85728726914265,
"UKR","MEATCONSUMP","BEEF","KG_CAP","A","2012",5.96205423880653,
"UKR","MEATCONSUMP","BEEF","KG_CAP","A","2013",6.49393637270811,
"UKR","MEATCONSUMP","BEEF","KG_CAP","A","2014",6.42408755069163,
"UKR","MEATCONSUMP","BEEF","KG_CAP","A","2015",5.54393473461396,
"UKR","MEATCONSUMP","BEEF","KG_CAP","A","2016",5.44321410027749,
"UKR","MEATCONSUMP","BEEF","KG_CAP","A","2017",5.80442882003799,
"UKR","MEATCONSUMP","BEEF","KG_CAP","A","2018",5.68408470367108,
"UKR","MEATCONSUMP","BEEF","KG_CAP","A","2019",5.75335628891668,
"UKR","MEATCONSUMP","BEEF","KG_CAP","A","2020",5.84668581905986,
"UKR","MEATCONSUMP","BEEF","KG_CAP","A","2021",5.95831469063671,
"UKR","MEATCONSUMP","BEEF","KG_CAP","A","2022",6.09143928284193,
"UKR","MEATCONSUMP","BEEF","KG_CAP","A","2023",6.23017781103207,
"UKR","MEATCONSUMP","BEEF","KG_CAP","A","2024",6.37947623852988,
"UKR","MEATCONSUMP","BEEF","KG_CAP","A","2025",6.50312131454472,
"UKR","MEATCONSUMP","BEEF","KG_CAP","A","2026",6.59788254624461,
"URY","MEATCONSUMP","BEEF","KG_CAP","A","2012",36.2699639361154,
"URY","MEATCONSUMP","BEEF","KG_CAP","A","2013",36.9721564450391,
"URY","MEATCONSUMP","BEEF","KG_CAP","A","2014",45.6496818266891,
"URY","MEATCONSUMP","BEEF","KG_CAP","A","2015",44.2657170556467,
"URY","MEATCONSUMP","BEEF","KG_CAP","A","2016",43.0885551106685,
"URY","MEATCONSUMP","BEEF","KG_CAP","A","2017",43.191194110134,
"URY","MEATCONSUMP","BEEF","KG_CAP","A","2018",43.1375380520082,
"URY","MEATCONSUMP","BEEF","KG_CAP","A","2019",43.2632300345177,
"URY","MEATCONSUMP","BEEF","KG_CAP","A","2020",43.4590027019156,
"URY","MEATCONSUMP","BEEF","KG_CAP","A","2021",43.7285490314783,
"URY","MEATCONSUMP","BEEF","KG_CAP","A","2022",44.1263757077357,
"URY","MEATCONSUMP","BEEF","KG_CAP","A","2023",44.4292239913358,
"URY","MEATCONSUMP","BEEF","KG_CAP","A","2024",44.7583253482764,
"URY","MEATCONSUMP","BEEF","KG_CAP","A","2025",45.0273301955739,
"URY","MEATCONSUMP","BEEF","KG_CAP","A","2026",45.1791855198533,
"VNM","MEATCONSUMP","BEEF","KG_CAP","A","2012",6.63304756543797,
"VNM","MEATCONSUMP","BEEF","KG_CAP","A","2013",8.52605228239607,
"VNM","MEATCONSUMP","BEEF","KG_CAP","A","2014",9.94445775277111,
"VNM","MEATCONSUMP","BEEF","KG_CAP","A","2015",9.49837127973324,
"VNM","MEATCONSUMP","BEEF","KG_CAP","A","2016",9.91696684391419,
"VNM","MEATCONSUMP","BEEF","KG_CAP","A","2017",10.0873532579416,
"VNM","MEATCONSUMP","BEEF","KG_CAP","A","2018",10.1306862723064,
"VNM","MEATCONSUMP","BEEF","KG_CAP","A","2019",10.1138489593723,
"VNM","MEATCONSUMP","BEEF","KG_CAP","A","2020",10.1389110415245,
"VNM","MEATCONSUMP","BEEF","KG_CAP","A","2021",10.2078848036434,
"VNM","MEATCONSUMP","BEEF","KG_CAP","A","2022",10.2866387511126,
"VNM","MEATCONSUMP","BEEF","KG_CAP","A","2023",10.3384715019611,
"VNM","MEATCONSUMP","BEEF","KG_CAP","A","2024",10.3768717978542,
"VNM","MEATCONSUMP","BEEF","KG_CAP","A","2025",10.447376225646,
"VNM","MEATCONSUMP","BEEF","KG_CAP","A","2026",10.5653542481392,
"ZMB","MEATCONSUMP","BEEF","KG_CAP","A","2012",7.62177596171664,
"ZMB","MEATCONSUMP","BEEF","KG_CAP","A","2013",9.09085542588296,
"ZMB","MEATCONSUMP","BEEF","KG_CAP","A","2014",9.03866973171498,
"ZMB","MEATCONSUMP","BEEF","KG_CAP","A","2015",9.153843164565,
"ZMB","MEATCONSUMP","BEEF","KG_CAP","A","2016",9.04450650911359,
"ZMB","MEATCONSUMP","BEEF","KG_CAP","A","2017",9.04323805057781,
"ZMB","MEATCONSUMP","BEEF","KG_CAP","A","2018",8.99359040903843,
"ZMB","MEATCONSUMP","BEEF","KG_CAP","A","2019",8.92534321967964,
"ZMB","MEATCONSUMP","BEEF","KG_CAP","A","2020",8.88110521384317,
"ZMB","MEATCONSUMP","BEEF","KG_CAP","A","2021",8.94733919039893,
"ZMB","MEATCONSUMP","BEEF","KG_CAP","A","2022",9.09519169141474,
"ZMB","MEATCONSUMP","BEEF","KG_CAP","A","2023",9.24938459567696,
"ZMB","MEATCONSUMP","BEEF","KG_CAP","A","2024",9.38436642377116,
"ZMB","MEATCONSUMP","BEEF","KG_CAP","A","2025",9.49976221176773,
"ZMB","MEATCONSUMP","BEEF","KG_CAP","A","2026",9.5998737178103,
"WLD","MEATCONSUMP","BEEF","KG_CAP","A","2012",6.49197481927086,
"WLD","MEATCONSUMP","BEEF","KG_CAP","A","2013",6.51923067112076,
"WLD","MEATCONSUMP","BEEF","KG_CAP","A","2014",6.48573823022394,
"WLD","MEATCONSUMP","BEEF","KG_CAP","A","2015",6.40659253600936,
"WLD","MEATCONSUMP","BEEF","KG_CAP","A","2016",6.45318904209835,
"WLD","MEATCONSUMP","BEEF","KG_CAP","A","2017",6.50994208724016,
"WLD","MEATCONSUMP","BEEF","KG_CAP","A","2018",6.49963669429793,
"WLD","MEATCONSUMP","BEEF","KG_CAP","A","2019",6.4791894835658,
"WLD","MEATCONSUMP","BEEF","KG_CAP","A","2020",6.47191881745555,
"WLD","MEATCONSUMP","BEEF","KG_CAP","A","2021",6.47440368394811,
"WLD","MEATCONSUMP","BEEF","KG_CAP","A","2022",6.4797524254689,
"WLD","MEATCONSUMP","BEEF","KG_CAP","A","2023",6.48364732296716,
"WLD","MEATCONSUMP","BEEF","KG_CAP","A","2024",6.47692194652632,
"WLD","MEATCONSUMP","BEEF","KG_CAP","A","2025",6.48051923982485,
"WLD","MEATCONSUMP","BEEF","KG_CAP","A","2026",6.49459046278554,
"SSA","MEATCONSUMP","BEEF","KG_CAP","A","2012",3.212186770774,
"SSA","MEATCONSUMP","BEEF","KG_CAP","A","2013",3.25423611154935,
"SSA","MEATCONSUMP","BEEF","KG_CAP","A","2014",3.22827181964101,
"SSA","MEATCONSUMP","BEEF","KG_CAP","A","2015",3.1295033378361,
"SSA","MEATCONSUMP","BEEF","KG_CAP","A","2016",3.02931568962164,
"SSA","MEATCONSUMP","BEEF","KG_CAP","A","2017",3.02759086750165,
"SSA","MEATCONSUMP","BEEF","KG_CAP","A","2018",2.9853546334124,
"SSA","MEATCONSUMP","BEEF","KG_CAP","A","2019",2.95364206635664,
"SSA","MEATCONSUMP","BEEF","KG_CAP","A","2020",2.94559719838598,
"SSA","MEATCONSUMP","BEEF","KG_CAP","A","2021",2.96371593226451,
"SSA","MEATCONSUMP","BEEF","KG_CAP","A","2022",2.98391778911627,
"SSA","MEATCONSUMP","BEEF","KG_CAP","A","2023",2.98814156413165,
"SSA","MEATCONSUMP","BEEF","KG_CAP","A","2024",2.98847355459426,
"SSA","MEATCONSUMP","BEEF","KG_CAP","A","2025",2.98585066277294,
"SSA","MEATCONSUMP","BEEF","KG_CAP","A","2026",2.98608169405361,
"OECD","MEATCONSUMP","BEEF","KG_CAP","A","2012",14.5071364131906,
"OECD","MEATCONSUMP","BEEF","KG_CAP","A","2013",14.3617513915961,
"OECD","MEATCONSUMP","BEEF","KG_CAP","A","2014",14.1254502064256,
"OECD","MEATCONSUMP","BEEF","KG_CAP","A","2015",14.0968489141459,
"OECD","MEATCONSUMP","BEEF","KG_CAP","A","2016",14.5030151519635,
"OECD","MEATCONSUMP","BEEF","KG_CAP","A","2017",14.5374852528611,
"OECD","MEATCONSUMP","BEEF","KG_CAP","A","2018",14.5575484729853,
"OECD","MEATCONSUMP","BEEF","KG_CAP","A","2019",14.5418714511953,
"OECD","MEATCONSUMP","BEEF","KG_CAP","A","2020",14.5221664076468,
"OECD","MEATCONSUMP","BEEF","KG_CAP","A","2021",14.4754214978947,
"OECD","MEATCONSUMP","BEEF","KG_CAP","A","2022",14.4672735983033,
"OECD","MEATCONSUMP","BEEF","KG_CAP","A","2023",14.4946072532112,
"OECD","MEATCONSUMP","BEEF","KG_CAP","A","2024",14.4903355935188,
"OECD","MEATCONSUMP","BEEF","KG_CAP","A","2025",14.5012029357936,
"OECD","MEATCONSUMP","BEEF","KG_CAP","A","2026",14.527924371319,
"BRICS","MEATCONSUMP","BEEF","KG_CAP","A","2012",4.34084511779003,
"BRICS","MEATCONSUMP","BEEF","KG_CAP","A","2013",4.32322273884891,
"BRICS","MEATCONSUMP","BEEF","KG_CAP","A","2014",4.33140595776544,
"BRICS","MEATCONSUMP","BEEF","KG_CAP","A","2015",4.30412708488101,
"BRICS","MEATCONSUMP","BEEF","KG_CAP","A","2016",4.36162072358632,
"BRICS","MEATCONSUMP","BEEF","KG_CAP","A","2017",4.45587809082503,
"BRICS","MEATCONSUMP","BEEF","KG_CAP","A","2018",4.4821033188412,
"BRICS","MEATCONSUMP","BEEF","KG_CAP","A","2019",4.49841322070491,
"BRICS","MEATCONSUMP","BEEF","KG_CAP","A","2020",4.52447852784322,
"BRICS","MEATCONSUMP","BEEF","KG_CAP","A","2021",4.56493662435555,
"BRICS","MEATCONSUMP","BEEF","KG_CAP","A","2022",4.60119465456154,
"BRICS","MEATCONSUMP","BEEF","KG_CAP","A","2023",4.6212963685131,
"BRICS","MEATCONSUMP","BEEF","KG_CAP","A","2024",4.6308711154445,
"BRICS","MEATCONSUMP","BEEF","KG_CAP","A","2025",4.65262978718799,
"BRICS","MEATCONSUMP","BEEF","KG_CAP","A","2026",4.68976304809834,
"EU28","MEATCONSUMP","BEEF","KG_CAP","A","2012",10.9170320140708,
"EU28","MEATCONSUMP","BEEF","KG_CAP","A","2013",10.4558671636033,
"EU28","MEATCONSUMP","BEEF","KG_CAP","A","2014",10.6134343238637,
"EU28","MEATCONSUMP","BEEF","KG_CAP","A","2015",10.8161581631804,
"EU28","MEATCONSUMP","BEEF","KG_CAP","A","2016",11.0698328673802,
"EU28","MEATCONSUMP","BEEF","KG_CAP","A","2017",10.9857613784757,
"EU28","MEATCONSUMP","BEEF","KG_CAP","A","2018",10.7136213639291,
"EU28","MEATCONSUMP","BEEF","KG_CAP","A","2019",10.6311224345386,
"EU28","MEATCONSUMP","BEEF","KG_CAP","A","2020",10.5611875470284,
"EU28","MEATCONSUMP","BEEF","KG_CAP","A","2021",10.4698111277872,
"EU28","MEATCONSUMP","BEEF","KG_CAP","A","2022",10.453707284269,
"EU28","MEATCONSUMP","BEEF","KG_CAP","A","2023",10.4493256946842,
"EU28","MEATCONSUMP","BEEF","KG_CAP","A","2024",10.4149357525151,
"EU28","MEATCONSUMP","BEEF","KG_CAP","A","2025",10.3762390149658,
"EU28","MEATCONSUMP","BEEF","KG_CAP","A","2026",10.3938020310425,
