Impact,Region,SSP,Approach,2020,2030,2040,2050
Land [Mkm2],Central Europe,SSP1,pessimistic,0.068171656,0.106898696,0.175009384,0.19332082
Land [Mkm2],Central Europe,SSP1,baseline,0.068171656,0.106898696,0.175009384,0.19332082
Land [Mkm2],Central Europe,SSP1,optimistic,0.075904853,0.116484999,0.186297848,0.201287264
Land [Mkm2],Central Europe,SSP2,pessimistic,0.066770465,0.092184058,0.148441394,0.196034764
Land [Mkm2],Central Europe,SSP2,baseline,0.066770465,0.092184058,0.148441394,0.196034764
Land [Mkm2],Central Europe,SSP2,optimistic,0.074391115,0.100710049,0.158216626,0.204102451
Land [Mkm2],Central Europe,SSP3,pessimistic,0.066270499,0.090756072,0.108788383,0.123000287
Land [Mkm2],Central Europe,SSP3,baseline,0.066270499,0.090756072,0.108788383,0.123000287
Land [Mkm2],Central Europe,SSP3,optimistic,0.07385099,0.099179165,0.1163051,0.128343449
Land [Mkm2],Central Europe,SSP4,pessimistic,0.065831736,0.090738494,0.111623409,0.145170057
Land [Mkm2],Central Europe,SSP4,baseline,0.065831736,0.090738494,0.111623409,0.145170057
Land [Mkm2],Central Europe,SSP4,optimistic,0.073376985,0.09916032,0.1193016,0.151340254
Land [Mkm2],Central Europe,SSP5,pessimistic,0.068030333,0.111685723,0.187577315,0.1997129
Land [Mkm2],Central Europe,SSP5,baseline,0.068030333,0.111685723,0.187577315,0.1997129
Land [Mkm2],Central Europe,SSP5,optimistic,0.075752178,0.12161697,0.199581611,0.207917798
Land [Mkm2],Central Latin America,SSP1,pessimistic,0.042113765,0.083499396,0.170010569,0.211258768
Land [Mkm2],Central Latin America,SSP1,baseline,0.042113765,0.083499396,0.170010569,0.211258768
Land [Mkm2],Central Latin America,SSP1,optimistic,0.047980164,0.09211011,0.18346869,0.225002745
Land [Mkm2],Central Latin America,SSP2,pessimistic,0.039604441,0.069763674,0.129240308,0.202484467
Land [Mkm2],Central Latin America,SSP2,baseline,0.039604441,0.069763674,0.129240308,0.202484467
Land [Mkm2],Central Latin America,SSP2,optimistic,0.045263097,0.077308056,0.139890902,0.215714604
Land [Mkm2],Central Latin America,SSP3,pessimistic,0.037980397,0.061678503,0.082801482,0.106556542
Land [Mkm2],Central Latin America,SSP3,baseline,0.037980397,0.061678503,0.082801482,0.106556542
Land [Mkm2],Central Latin America,SSP3,optimistic,0.0435046,0.068595217,0.0902542,0.114168958
Land [Mkm2],Central Latin America,SSP4,pessimistic,0.037493912,0.062393794,0.090173597,0.128344633
Land [Mkm2],Central Latin America,SSP4,baseline,0.037493912,0.062393794,0.090173597,0.128344633
Land [Mkm2],Central Latin America,SSP4,optimistic,0.042977839,0.069366037,0.098133975,0.137233001
Land [Mkm2],Central Latin America,SSP5,pessimistic,0.042363335,0.088151177,0.188970446,0.226719417
Land [Mkm2],Central Latin America,SSP5,baseline,0.042363335,0.088151177,0.188970446,0.226719417
Land [Mkm2],Central Latin America,SSP5,optimistic,0.048250396,0.097123017,0.203734184,0.241368798
Land [Mkm2],East Asia,SSP1,pessimistic,0.04138344,0.08014295,0.156877853,0.186795511
Land [Mkm2],East Asia,SSP1,baseline,0.04138344,0.08014295,0.156877853,0.186795511
Land [Mkm2],East Asia,SSP1,optimistic,0.04700653,0.087931088,0.167582044,0.19546155
Land [Mkm2],East Asia,SSP2,pessimistic,0.038921311,0.067121935,0.119505721,0.178592639
Land [Mkm2],East Asia,SSP2,baseline,0.038921311,0.067121935,0.119505721,0.178592639
Land [Mkm2],East Asia,SSP2,optimistic,0.044345531,0.073958198,0.127993766,0.18691637
Land [Mkm2],East Asia,SSP3,pessimistic,0.037328183,0.059350907,0.076818948,0.094554312
Land [Mkm2],East Asia,SSP3,baseline,0.037328183,0.059350907,0.076818948,0.094554312
Land [Mkm2],East Asia,SSP3,optimistic,0.042623724,0.065619084,0.082775691,0.0993711
Land [Mkm2],East Asia,SSP4,pessimistic,0.036850508,0.06003848,0.083655929,0.113592663
Land [Mkm2],East Asia,SSP4,baseline,0.036850508,0.06003848,0.083655929,0.113592663
Land [Mkm2],East Asia,SSP4,optimistic,0.042107466,0.066356921,0.090018101,0.119203927
Land [Mkm2],East Asia,SSP5,pessimistic,0.041628347,0.08446058,0.174484684,0.199956277
Land [Mkm2],East Asia,SSP5,baseline,0.041628347,0.08446058,0.174484684,0.199956277
Land [Mkm2],East Asia,SSP5,optimistic,0.047271218,0.092564349,0.18623295,0.209171518
Land [Mkm2],North Africa and Middle East,SSP1,pessimistic,0.046665556,0.09480593,0.210517094,0.284580838
Land [Mkm2],North Africa and Middle East,SSP1,baseline,0.046665556,0.09480593,0.210517094,0.284580838
Land [Mkm2],North Africa and Middle East,SSP1,optimistic,0.053279547,0.105414464,0.230513949,0.310145387
Land [Mkm2],North Africa and Middle East,SSP2,pessimistic,0.043589563,0.080515588,0.157255656,0.271487976
Land [Mkm2],North Africa and Middle East,SSP2,baseline,0.043589563,0.080515588,0.157255656,0.271487976
Land [Mkm2],North Africa and Middle East,SSP2,optimistic,0.049938193,0.089908752,0.172820998,0.295987554
Land [Mkm2],North Africa and Middle East,SSP3,pessimistic,0.04218245,0.071074233,0.102904539,0.143396632
Land [Mkm2],North Africa and Middle East,SSP3,baseline,0.04218245,0.071074233,0.102904539,0.143396632
Land [Mkm2],North Africa and Middle East,SSP3,optimistic,0.04840969,0.079664427,0.113947702,0.157477282
Land [Mkm2],North Africa and Middle East,SSP4,pessimistic,0.041673911,0.07240786,0.11184083,0.169929848
Land [Mkm2],North Africa and Middle East,SSP4,baseline,0.041673911,0.07240786,0.11184083,0.169929848
Land [Mkm2],North Africa and Middle East,SSP4,optimistic,0.04785728,0.081111477,0.12362752,0.186168705
Land [Mkm2],North Africa and Middle East,SSP5,pessimistic,0.046910504,0.09952545,0.234456607,0.305780231
Land [Mkm2],North Africa and Middle East,SSP5,baseline,0.046910504,0.09952545,0.234456607,0.305780231
Land [Mkm2],North Africa and Middle East,SSP5,optimistic,0.053545626,0.110535371,0.256445303,0.333069134
Land [Mkm2],Median,SSP1,pessimistic,0.043478796,0.085340534,0.175391067,0.219060111
Land [Mkm2],Median,SSP1,baseline,0.043478796,0.085340534,0.175391067,0.219060111
Land [Mkm2],Median,SSP1,optimistic,0.049464578,0.094112517,0.189279489,0.23338399
Land [Mkm2],Median,SSP2,pessimistic,0.040748486,0.071931522,0.132137994,0.209455988
Land [Mkm2],Median,SSP2,baseline,0.040748486,0.071931522,0.132137994,0.209455988
Land [Mkm2],Median,SSP2,optimistic,0.046508091,0.079660967,0.143036764,0.223212945
Land [Mkm2],Median,SSP3,pessimistic,0.039261493,0.063549304,0.085611917,0.110463436
Land [Mkm2],Median,SSP3,baseline,0.039261493,0.063549304,0.085611917,0.110463436
Land [Mkm2],Median,SSP3,optimistic,0.044897916,0.070627041,0.093294804,0.118376957
Land [Mkm2],Median,SSP4,pessimistic,0.038774096,0.06451961,0.09313561,0.13189923
Land [Mkm2],Median,SSP4,baseline,0.038774096,0.06451961,0.09313561,0.13189923
Land [Mkm2],Median,SSP4,optimistic,0.044370144,0.071672787,0.101338535,0.141078085
Land [Mkm2],Median,SSP5,pessimistic,0.043721119,0.089837442,0.195150848,0.231132907
Land [Mkm2],Median,SSP5,baseline,0.043721119,0.089837442,0.195150848,0.231132907
Land [Mkm2],Median,SSP5,optimistic,0.049726974,0.098959056,0.210405067,0.246169432
Water Cons. Blue [BCM],Central Europe,SSP1,pessimistic,0.986281205,1.596193482,2.738178464,3.186835419
Water Cons. Blue [BCM],Central Europe,SSP1,baseline,0.986281205,1.596193482,2.738178464,3.186835419
Water Cons. Blue [BCM],Central Europe,SSP1,optimistic,0.946219197,1.515372844,2.548453522,2.885206733
Water Cons. Blue [BCM],Central Europe,SSP2,pessimistic,0.965564241,1.373532557,2.319322073,3.231859465
Water Cons. Blue [BCM],Central Europe,SSP2,baseline,0.965564241,1.373532557,2.319322073,3.231859465
Water Cons. Blue [BCM],Central Europe,SSP2,optimistic,0.926085285,1.301651244,2.155029988,2.926397487
Water Cons. Blue [BCM],Central Europe,SSP3,pessimistic,0.958172115,1.351924372,1.694174409,2.020225235
Water Cons. Blue [BCM],Central Europe,SSP3,baseline,0.958172115,1.351924372,1.694174409,2.020225235
Water Cons. Blue [BCM],Central Europe,SSP3,optimistic,0.918901201,1.280910577,1.567841136,1.817920296
Water Cons. Blue [BCM],Central Europe,SSP4,pessimistic,0.951684896,1.351658386,1.738869869,2.38801936
Water Cons. Blue [BCM],Central Europe,SSP4,baseline,0.951684896,1.351658386,1.738869869,2.38801936
Water Cons. Blue [BCM],Central Europe,SSP4,optimistic,0.912596555,1.28065527,1.609822699,2.154400884
Water Cons. Blue [BCM],Central Europe,SSP5,pessimistic,0.9841917,1.668630447,2.936317596,3.292879348
Water Cons. Blue [BCM],Central Europe,SSP5,baseline,0.9841917,1.668630447,2.936317596,3.292879348
Water Cons. Blue [BCM],Central Europe,SSP5,optimistic,0.944188499,1.584901633,2.734561694,2.982222213
Water Cons. Blue [BCM],Central Latin America,SSP1,pessimistic,0.697263778,1.638171705,4.167790827,6.368887555
Water Cons. Blue [BCM],Central Latin America,SSP1,baseline,0.697263778,1.638171705,4.167790827,6.368887555
Water Cons. Blue [BCM],Central Latin America,SSP1,optimistic,0.703424991,1.688928652,4.380418771,6.797979579
Water Cons. Blue [BCM],Central Latin America,SSP2,pessimistic,0.654517746,1.365690534,3.164701655,6.103893329
Water Cons. Blue [BCM],Central Latin America,SSP2,baseline,0.654517746,1.365690534,3.164701655,6.103893329
Water Cons. Blue [BCM],Central Latin America,SSP2,optimistic,0.660460774,1.410161854,3.33297284,6.516943088
Water Cons. Blue [BCM],Central Latin America,SSP3,pessimistic,0.626852337,1.205301666,2.02214622,3.206757048
Water Cons. Blue [BCM],Central Latin America,SSP3,baseline,0.626852337,1.205301666,2.02214622,3.206757048
Water Cons. Blue [BCM],Central Latin America,SSP3,optimistic,0.632654156,1.246073118,2.139893426,3.444419484
Water Cons. Blue [BCM],Central Latin America,SSP4,pessimistic,0.618565121,1.219491183,2.203525718,3.864783044
Water Cons. Blue [BCM],Central Latin America,SSP4,baseline,0.618565121,1.219491183,2.203525718,3.864783044
Water Cons. Blue [BCM],Central Latin America,SSP4,optimistic,0.62432464,1.260589961,2.329293554,4.142281168
Water Cons. Blue [BCM],Central Latin America,SSP5,pessimistic,0.701515186,1.730450987,4.634269242,6.835817331
Water Cons. Blue [BCM],Central Latin America,SSP5,baseline,0.701515186,1.730450987,4.634269242,6.835817331
Water Cons. Blue [BCM],Central Latin America,SSP5,optimistic,0.707698099,1.783336643,4.867524935,7.293176429
Water Cons. Blue [BCM],East Asia,SSP1,pessimistic,0.610613223,1.275239628,2.771367959,3.690119153
Water Cons. Blue [BCM],East Asia,SSP1,baseline,0.610613223,1.275239628,2.771367959,3.690119153
Water Cons. Blue [BCM],East Asia,SSP1,optimistic,0.589397652,1.236144833,2.684911391,3.561053456
Water Cons. Blue [BCM],East Asia,SSP2,pessimistic,0.5730106,1.064658706,2.106426898,3.527255899
Water Cons. Blue [BCM],East Asia,SSP2,baseline,0.5730106,1.064658706,2.106426898,3.527255899
Water Cons. Blue [BCM],East Asia,SSP2,optimistic,0.552545351,1.030342122,2.037869899,3.403288291
Water Cons. Blue [BCM],East Asia,SSP3,pessimistic,0.548679711,0.938982608,1.346925455,1.858723672
Water Cons. Blue [BCM],East Asia,SSP3,baseline,0.548679711,0.938982608,1.346925455,1.858723672
Water Cons. Blue [BCM],East Asia,SSP3,optimistic,0.52869996,0.907517692,1.298813501,1.786985922
Water Cons. Blue [BCM],East Asia,SSP4,pessimistic,0.541384457,0.950102321,1.468571973,2.236719093
Water Cons. Blue [BCM],East Asia,SSP4,baseline,0.541384457,0.950102321,1.468571973,2.236719093
Water Cons. Blue [BCM],East Asia,SSP4,optimistic,0.521550275,0.918385092,1.417185413,2.153148999
Water Cons. Blue [BCM],East Asia,SSP5,pessimistic,0.61435354,1.345066007,3.084636262,3.95141853
Water Cons. Blue [BCM],East Asia,SSP5,baseline,0.61435354,1.345066007,3.084636262,3.95141853
Water Cons. Blue [BCM],East Asia,SSP5,optimistic,0.593063335,1.304386808,2.989746814,3.814173411
Water Cons. Blue [BCM],North Africa and Middle East,SSP1,pessimistic,1.568168459,5.064469465,17.49757924,32.1703494
Water Cons. Blue [BCM],North Africa and Middle East,SSP1,baseline,1.568168459,5.064469465,17.49757924,32.1703494
Water Cons. Blue [BCM],North Africa and Middle East,SSP1,optimistic,1.809165996,5.882611138,20.31528094,37.49424006
Water Cons. Blue [BCM],North Africa and Middle East,SSP2,pessimistic,1.463804051,4.299967333,13.07212676,30.69125313
Water Cons. Blue [BCM],North Africa and Middle East,SSP2,baseline,1.463804051,4.299967333,13.07212676,30.69125313
Water Cons. Blue [BCM],North Africa and Middle East,SSP2,optimistic,1.695132474,5.024378446,15.26539608,35.79336052
Water Cons. Blue [BCM],North Africa and Middle East,SSP3,pessimistic,1.416062533,3.79487547,8.556133589,16.22081649
Water Cons. Blue [BCM],North Africa and Middle East,SSP3,baseline,1.416062533,3.79487547,8.556133589,16.22081649
Water Cons. Blue [BCM],North Africa and Middle East,SSP3,optimistic,1.642967819,4.457360606,10.11219523,19.15315249
Water Cons. Blue [BCM],North Africa and Middle East,SSP4,pessimistic,1.398808469,3.866221645,9.298643269,19.21826508
Water Cons. Blue [BCM],North Africa and Middle East,SSP4,baseline,1.398808469,3.866221645,9.298643269,19.21826508
Water Cons. Blue [BCM],North Africa and Middle East,SSP4,optimistic,1.624115207,4.537454064,10.9594732,22.60005387
Water Cons. Blue [BCM],North Africa and Middle East,SSP5,pessimistic,1.576479207,5.316953456,19.48669525,34.56523776
Water Cons. Blue [BCM],North Africa and Middle East,SSP5,baseline,1.576479207,5.316953456,19.48669525,34.56523776
Water Cons. Blue [BCM],North Africa and Middle East,SSP5,optimistic,1.818246716,6.166050523,22.58506167,40.24823024
Water Cons. Blue [BCM],Median,SSP1,pessimistic,0.878055583,2.316218785,6.771278437,11.37423535
Water Cons. Blue [BCM],Median,SSP1,baseline,0.878055583,2.316218785,6.771278437,11.37423535
Water Cons. Blue [BCM],Median,SSP1,optimistic,0.924886286,2.500493876,7.435041433,12.64977078
Water Cons. Blue [BCM],Median,SSP2,pessimistic,0.821844662,1.950420992,5.100629343,10.87585733
Water Cons. Blue [BCM],Median,SSP2,baseline,0.821844662,1.950420992,5.100629343,10.87585733
Water Cons. Blue [BCM],Median,SSP2,optimistic,0.866905838,2.112795255,5.621509236,12.10090858
Water Cons. Blue [BCM],Median,SSP3,pessimistic,0.791230828,1.721754157,3.303560524,5.738927012
Water Cons. Blue [BCM],Median,SSP3,baseline,0.791230828,1.721754157,3.303560524,5.738927012
Water Cons. Blue [BCM],Median,SSP3,optimistic,0.835328275,1.870437815,3.670745203,6.443622778
Water Cons. Blue [BCM],Median,SSP4,pessimistic,0.781196433,1.748224084,3.594163034,6.851275134
Water Cons. Blue [BCM],Median,SSP4,baseline,0.781196433,1.748224084,3.594163034,6.851275134
Water Cons. Blue [BCM],Median,SSP4,optimistic,0.824977996,1.898492533,3.986201639,7.668648395
Water Cons. Blue [BCM],Median,SSP5,pessimistic,0.88304446,2.438894411,7.534499606,12.00071798
Water Cons. Blue [BCM],Median,SSP5,baseline,0.88304446,2.438894411,7.534499606,12.00071798
Water Cons. Blue [BCM],Median,SSP5,optimistic,0.930032214,2.630514264,8.263537475,13.3397142
Water Cons. Green [BCM],Central Europe,SSP1,pessimistic,32.15945948,65.24330875,150.9143994,230.15161
Water Cons. Green [BCM],Central Europe,SSP1,baseline,32.15945948,65.24330875,150.9143994,230.15161
Water Cons. Green [BCM],Central Europe,SSP1,optimistic,36.60439174,73.47379775,168.8616747,257.4621842
Water Cons. Green [BCM],Central Europe,SSP2,pessimistic,31.49891232,56.28315192,128.0603364,233.3736611
Water Cons. Green [BCM],Central Europe,SSP2,baseline,31.49891232,56.28315192,128.0603364,233.3736611
Water Cons. Green [BCM],Central Europe,SSP2,optimistic,35.87915427,63.60329168,143.6017579,261.0313156
Water Cons. Green [BCM],Central Europe,SSP3,pessimistic,31.26321913,55.41361125,93.95040185,146.6656082
Water Cons. Green [BCM],Central Europe,SSP3,baseline,31.26321913,55.41361125,93.95040185,146.6656082
Water Cons. Green [BCM],Central Europe,SSP3,optimistic,35.6203786,62.64540594,105.9010605,164.9830438
Water Cons. Green [BCM],Central Europe,SSP4,pessimistic,31.05637829,55.40290763,96.38912043,172.9860205
Water Cons. Green [BCM],Central Europe,SSP4,baseline,31.05637829,55.40290763,96.38912043,172.9860205
Water Cons. Green [BCM],Central Europe,SSP4,optimistic,35.39328092,62.63361483,108.5965037,194.1386992
Water Cons. Green [BCM],Central Europe,SSP5,pessimistic,32.09283695,68.15826374,161.7254657,237.7404206
Water Cons. Green [BCM],Central Europe,SSP5,baseline,32.09283695,68.15826374,161.7254657,237.7404206
Water Cons. Green [BCM],Central Europe,SSP5,optimistic,36.53124456,76.68491129,180.8108251,265.8684638
Water Cons. Green [BCM],Central Latin America,SSP1,pessimistic,14.95242967,30.18979429,63.12608936,80.74652176
Water Cons. Green [BCM],Central Latin America,SSP1,baseline,14.95242967,30.18979429,63.12608936,80.74652176
Water Cons. Green [BCM],Central Latin America,SSP1,optimistic,17.21788372,33.66304145,69.02757194,87.5253917
Water Cons. Green [BCM],Central Latin America,SSP2,pessimistic,14.05607055,25.20907063,47.9679736,77.38966485
Water Cons. Green [BCM],Central Latin America,SSP2,baseline,14.05607055,25.20907063,47.9679736,77.38966485
Water Cons. Green [BCM],Central Latin America,SSP2,optimistic,16.24129917,28.25219866,52.63833559,83.91509631
Water Cons. Green [BCM],Central Latin America,SSP3,pessimistic,13.47594322,22.27729879,30.70232262,40.68972577
Water Cons. Green [BCM],Central Latin America,SSP3,baseline,13.47594322,22.27729879,30.70232262,40.68972577
Water Cons. Green [BCM],Central Latin America,SSP3,optimistic,15.60924961,25.06724852,33.970393,44.44435799
Water Cons. Green [BCM],Central Latin America,SSP4,pessimistic,13.30216518,22.53667107,33.44322693,49.02537574
Water Cons. Green [BCM],Central Latin America,SSP4,baseline,13.30216518,22.53667107,33.44322693,49.02537574
Water Cons. Green [BCM],Central Latin America,SSP4,optimistic,15.41991818,25.34901935,36.93390967,53.40933905
Water Cons. Green [BCM],Central Latin America,SSP5,pessimistic,15.04157919,31.87658094,70.17524712,86.66142969
Water Cons. Green [BCM],Central Latin America,SSP5,baseline,15.04157919,31.87658094,70.17524712,86.66142969
Water Cons. Green [BCM],Central Latin America,SSP5,optimistic,17.31501225,35.49549351,76.64925227,93.88686774
Water Cons. Green [BCM],East Asia,SSP1,pessimistic,14.62294422,28.70785496,57.34493972,69.90861633
Water Cons. Green [BCM],East Asia,SSP1,baseline,14.62294422,28.70785496,57.34493972,69.90861633
Water Cons. Green [BCM],East Asia,SSP1,optimistic,16.77739482,31.80737892,61.994383,74.37567343
Water Cons. Green [BCM],East Asia,SSP2,pessimistic,13.7474536,24.02893432,43.66328735,66.83506795
Water Cons. Green [BCM],East Asia,SSP2,baseline,13.7474536,24.02893432,43.66328735,66.83506795
Water Cons. Green [BCM],East Asia,SSP2,optimistic,15.82570865,26.7496309,47.35013129,71.12567653
Water Cons. Green [BCM],East Asia,SSP3,pessimistic,13.1809648,21.23652328,28.03598548,35.34659892
Water Cons. Green [BCM],East Asia,SSP3,baseline,13.1809648,21.23652328,28.03598548,35.34659892
Water Cons. Green [BCM],East Asia,SSP3,optimistic,15.20991729,23.73113315,30.6233401,37.82949433
Water Cons. Green [BCM],East Asia,SSP4,pessimistic,13.01111157,21.4835934,30.53895223,42.48011239
Water Cons. Green [BCM],East Asia,SSP4,baseline,13.01111157,21.4835934,30.53895223,42.48011239
Water Cons. Green [BCM],East Asia,SSP4,optimistic,15.02528143,23.99820724,33.30240796,45.37253378
Water Cons. Green [BCM],East Asia,SSP5,pessimistic,14.71002891,30.25933496,63.79066591,74.83984703
Water Cons. Green [BCM],East Asia,SSP5,baseline,14.71002891,30.25933496,63.79066591,74.83984703
Water Cons. Green [BCM],East Asia,SSP5,optimistic,16.87205864,33.48447402,68.89361083,79.58999985
Water Cons. Green [BCM],North Africa and Middle East,SSP1,pessimistic,15.64849417,30.47283795,63.03228892,78.75108919
Water Cons. Green [BCM],North Africa and Middle East,SSP1,baseline,15.64849417,30.47283795,63.03228892,78.75108919
Water Cons. Green [BCM],North Africa and Middle East,SSP1,optimistic,17.91964917,33.79817598,68.36217705,84.29847871
Water Cons. Green [BCM],North Africa and Middle East,SSP2,pessimistic,14.61044272,25.86358524,47.05526713,75.12196427
Water Cons. Green [BCM],North Africa and Middle East,SSP2,baseline,14.61044272,25.86358524,47.05526713,75.12196427
Water Cons. Green [BCM],North Africa and Middle East,SSP2,optimistic,16.79047623,28.80795528,51.20399592,80.43825997
Water Cons. Green [BCM],North Africa and Middle East,SSP3,pessimistic,14.13558589,22.81834059,30.75137021,39.61716093
Water Cons. Green [BCM],North Africa and Middle East,SSP3,baseline,14.13558589,22.81834059,30.75137021,39.61716093
Water Cons. Green [BCM],North Africa and Middle East,SSP3,optimistic,16.27393586,25.5110124,33.69477423,42.67259745
Water Cons. Green [BCM],North Africa and Middle East,SSP4,pessimistic,13.96396985,23.24849315,33.43202114,46.97172979
Water Cons. Green [BCM],North Africa and Middle East,SSP4,baseline,13.96396985,23.24849315,33.43202114,46.97172979
Water Cons. Green [BCM],North Africa and Middle East,SSP4,optimistic,16.08725515,25.97671831,36.57360201,50.4954873
Water Cons. Green [BCM],North Africa and Middle East,SSP5,pessimistic,15.7311563,31.99508683,70.21350933,84.62721043
Water Cons. Green [BCM],North Africa and Middle East,SSP5,baseline,15.7311563,31.99508683,70.21350933,84.62721043
Water Cons. Green [BCM],North Africa and Middle East,SSP5,optimistic,18.0095675,35.44624311,76.07429525,90.54877701
Water Cons. Green [BCM],Median,SSP1,pessimistic,15.32533317,30.38649752,63.29822637,80.17869656
Water Cons. Green [BCM],Median,SSP1,baseline,15.32533317,30.38649752,63.29822637,80.17869656
Water Cons. Green [BCM],Median,SSP1,optimistic,17.60219927,33.81066699,69.001049,86.50740834
Water Cons. Green [BCM],Median,SSP2,pessimistic,14.35717001,25.59787246,47.66679455,76.65980525
Water Cons. Green [BCM],Median,SSP2,baseline,14.35717001,25.59787246,47.66679455,76.65980525
Water Cons. Green [BCM],Median,SSP2,optimistic,16.54800328,28.61508434,52.14201485,82.7380341
Water Cons. Green [BCM],Median,SSP3,pessimistic,13.82988482,22.60441608,30.8525163,40.38954712
Water Cons. Green [BCM],Median,SSP3,baseline,13.82988482,22.60441608,30.8525163,40.38954712
Water Cons. Green [BCM],Median,SSP3,optimistic,15.97386251,25.36723138,34.00724037,43.88597402
Water Cons. Green [BCM],Median,SSP4,pessimistic,13.65705484,22.95093144,33.57153931,48.24348926
Water Cons. Green [BCM],Median,SSP4,baseline,13.65705484,22.95093144,33.57153931,48.24348926
Water Cons. Green [BCM],Median,SSP4,optimistic,15.78567453,25.74319508,36.93979973,52.29897816
Water Cons. Green [BCM],Median,SSP5,pessimistic,15.41126036,31.99243279,70.43930686,84.60209442
Water Cons. Green [BCM],Median,SSP5,baseline,15.41126036,31.99243279,70.43930686,84.60209442
Water Cons. Green [BCM],Median,SSP5,optimistic,17.69576212,35.55308143,76.70294868,91.24567402
Fossil Fuels [EJ],Central Europe,SSP1,pessimistic,0.04629101,0.082345283,0.159965167,0.209885201
Fossil Fuels [EJ],Central Europe,SSP1,baseline,0.04629101,0.082345283,0.159965167,0.209885201
Fossil Fuels [EJ],Central Europe,SSP1,optimistic,0.039456733,0.072331737,0.143495553,0.189963556
Fossil Fuels [EJ],Central Europe,SSP2,pessimistic,0.045263731,0.070511249,0.135146943,0.212879207
Fossil Fuels [EJ],Central Europe,SSP2,baseline,0.045263731,0.070511249,0.135146943,0.212879207
Fossil Fuels [EJ],Central Europe,SSP2,optimistic,0.038528917,0.06160527,0.1208851,0.192704384
Fossil Fuels [EJ],Central Europe,SSP3,pessimistic,0.044897182,0.069362812,0.098105476,0.132308046
Fossil Fuels [EJ],Central Europe,SSP3,baseline,0.044897182,0.069362812,0.098105476,0.132308046
Fossil Fuels [EJ],Central Europe,SSP3,optimistic,0.038197859,0.060564317,0.087138757,0.118946428
Fossil Fuels [EJ],Central Europe,SSP4,pessimistic,0.044575504,0.069348675,0.100753787,0.156765592
Fossil Fuels [EJ],Central Europe,SSP4,baseline,0.044575504,0.069348675,0.100753787,0.156765592
Fossil Fuels [EJ],Central Europe,SSP4,optimistic,0.037907327,0.060551504,0.08955148,0.141335811
Fossil Fuels [EJ],Central Europe,SSP5,pessimistic,0.046187399,0.08619518,0.171705376,0.216936902
Fossil Fuels [EJ],Central Europe,SSP5,baseline,0.046187399,0.08619518,0.171705376,0.216936902
Fossil Fuels [EJ],Central Europe,SSP5,optimistic,0.039363154,0.075821315,0.15419138,0.196418955
Fossil Fuels [EJ],Central Latin America,SSP1,pessimistic,0.026128748,0.058898042,0.135595401,0.186661041
Fossil Fuels [EJ],Central Latin America,SSP1,baseline,0.026128748,0.058898042,0.135595401,0.186661041
Fossil Fuels [EJ],Central Latin America,SSP1,optimistic,0.021214702,0.050953138,0.120838593,0.167871192
Fossil Fuels [EJ],Central Latin America,SSP2,pessimistic,0.024350353,0.048602532,0.102205565,0.178759572
Fossil Fuels [EJ],Central Latin America,SSP2,baseline,0.024350353,0.048602532,0.102205565,0.178759572
Fossil Fuels [EJ],Central Latin America,SSP2,optimistic,0.019610326,0.041641507,0.090527205,0.16067221
Fossil Fuels [EJ],Central Latin America,SSP3,pessimistic,0.023199369,0.042542351,0.064173314,0.092374168
Fossil Fuels [EJ],Central Latin America,SSP3,baseline,0.023199369,0.042542351,0.064173314,0.092374168
Fossil Fuels [EJ],Central Latin America,SSP3,optimistic,0.018571967,0.036160461,0.056001421,0.08196698
Fossil Fuels [EJ],Central Latin America,SSP4,pessimistic,0.02285459,0.043078492,0.070210895,0.111994868
Fossil Fuels [EJ],Central Latin America,SSP4,baseline,0.02285459,0.043078492,0.070210895,0.111994868
Fossil Fuels [EJ],Central Latin America,SSP4,optimistic,0.018260925,0.036645366,0.061482353,0.099843284
Fossil Fuels [EJ],Central Latin America,SSP5,pessimistic,0.026305622,0.06238475,0.151123071,0.200583726
Fossil Fuels [EJ],Central Latin America,SSP5,baseline,0.026305622,0.06238475,0.151123071,0.200583726
Fossil Fuels [EJ],Central Latin America,SSP5,optimistic,0.021374269,0.054106643,0.134934655,0.180556068
Fossil Fuels [EJ],East Asia,SSP1,pessimistic,0.027221339,0.063152429,0.15158104,0.218233607
Fossil Fuels [EJ],East Asia,SSP1,baseline,0.027221339,0.063152429,0.15158104,0.218233607
Fossil Fuels [EJ],East Asia,SSP1,optimistic,0.02255476,0.056040591,0.139621015,0.20460598
Fossil Fuels [EJ],East Asia,SSP2,pessimistic,0.025381895,0.052300523,0.114627592,0.208500347
Fossil Fuels [EJ],East Asia,SSP2,baseline,0.025381895,0.052300523,0.114627592,0.208500347
Fossil Fuels [EJ],East Asia,SSP2,optimistic,0.020880357,0.046057902,0.105143716,0.195411012
Fossil Fuels [EJ],East Asia,SSP3,pessimistic,0.024191678,0.045824033,0.072419044,0.108783214
Fossil Fuels [EJ],East Asia,SSP3,baseline,0.024191678,0.045824033,0.072419044,0.108783214
Fossil Fuels [EJ],East Asia,SSP3,optimistic,0.01979693,0.040100167,0.065763446,0.101208659
Fossil Fuels [EJ],East Asia,SSP4,pessimistic,0.023834809,0.046397067,0.07917943,0.1313735
Fossil Fuels [EJ],East Asia,SSP4,baseline,0.023834809,0.046397067,0.07917943,0.1313735
Fossil Fuels [EJ],East Asia,SSP4,optimistic,0.01947208,0.040627302,0.072070837,0.122549606
Fossil Fuels [EJ],East Asia,SSP5,pessimistic,0.027404308,0.066750805,0.168990619,0.233849742
Fossil Fuels [EJ],East Asia,SSP5,baseline,0.027404308,0.066750805,0.168990619,0.233849742
Fossil Fuels [EJ],East Asia,SSP5,optimistic,0.022721312,0.059350744,0.155864026,0.219358477
Fossil Fuels [EJ],North Africa and Middle East,SSP1,pessimistic,0.027719229,0.060401128,0.139427169,0.190826471
Fossil Fuels [EJ],North Africa and Middle East,SSP1,baseline,0.027719229,0.060401128,0.139427169,0.190826471
Fossil Fuels [EJ],North Africa and Middle East,SSP1,optimistic,0.02254752,0.051964048,0.123104087,0.169392527
Fossil Fuels [EJ],North Africa and Middle East,SSP2,pessimistic,0.025646293,0.050737087,0.103218632,0.181878495
Fossil Fuels [EJ],North Africa and Middle East,SSP2,baseline,0.025646293,0.050737087,0.103218632,0.181878495
Fossil Fuels [EJ],North Africa and Middle East,SSP2,optimistic,0.02068208,0.043266603,0.090512917,0.161337448
Fossil Fuels [EJ],North Africa and Middle East,SSP3,pessimistic,0.024698029,0.044352241,0.066269303,0.094337792
Fossil Fuels [EJ],North Africa and Middle East,SSP3,baseline,0.024698029,0.044352241,0.066269303,0.094337792
Fossil Fuels [EJ],North Africa and Middle East,SSP3,optimistic,0.019828734,0.037520368,0.057254963,0.082532229
Fossil Fuels [EJ],North Africa and Middle East,SSP4,pessimistic,0.02435532,0.045254125,0.072344431,0.112471229
Fossil Fuels [EJ],North Africa and Middle East,SSP4,baseline,0.02435532,0.045254125,0.072344431,0.112471229
Fossil Fuels [EJ],North Africa and Middle East,SSP4,optimistic,0.01952033,0.038332046,0.062723163,0.098856173
Fossil Fuels [EJ],North Africa and Middle East,SSP5,pessimistic,0.027884301,0.063592768,0.155701884,0.205314646
Fossil Fuels [EJ],North Africa and Middle East,SSP5,baseline,0.027884301,0.063592768,0.155701884,0.205314646
Fossil Fuels [EJ],North Africa and Middle East,SSP5,optimistic,0.022696069,0.054836461,0.137752897,0.18243496
Fossil Fuels [EJ],Median,SSP1,pessimistic,0.02727039,0.060900162,0.142187016,0.197725909
Fossil Fuels [EJ],Median,SSP1,baseline,0.02727039,0.060900162,0.142187016,0.197725909
Fossil Fuels [EJ],Median,SSP1,optimistic,0.022269624,0.052852729,0.127133035,0.178525988
Fossil Fuels [EJ],Median,SSP2,pessimistic,0.025327033,0.050764835,0.106261059,0.188909311
Fossil Fuels [EJ],Median,SSP2,baseline,0.025327033,0.050764835,0.106261059,0.188909311
Fossil Fuels [EJ],Median,SSP2,optimistic,0.020515224,0.043673828,0.094447632,0.1704693
Fossil Fuels [EJ],Median,SSP3,pessimistic,0.024268634,0.044429058,0.067616549,0.098034014
Fossil Fuels [EJ],Median,SSP3,baseline,0.024268634,0.044429058,0.067616549,0.098034014
Fossil Fuels [EJ],Median,SSP3,optimistic,0.019559735,0.03793593,0.059288891,0.087426623
Fossil Fuels [EJ],Median,SSP4,pessimistic,0.023921719,0.045162472,0.07386572,0.117712102
Fossil Fuels [EJ],Median,SSP4,baseline,0.023921719,0.045162472,0.07386572,0.117712102
Fossil Fuels [EJ],Median,SSP4,optimistic,0.019246552,0.038600136,0.064974382,0.10540864
Fossil Fuels [EJ],Median,SSP5,pessimistic,0.027442869,0.064299191,0.158599469,0.208808752
Fossil Fuels [EJ],Median,SSP5,baseline,0.027442869,0.064299191,0.158599469,0.208808752
Fossil Fuels [EJ],Median,SSP5,optimistic,0.022425331,0.055931008,0.14206507,0.188653592
Electricity [TWh],Central Europe,SSP1,pessimistic,3.551462762,6.311317434,12.07099523,15.46959837
Electricity [TWh],Central Europe,SSP1,baseline,3.551462762,6.311317434,12.07099523,15.46959837
Electricity [TWh],Central Europe,SSP1,optimistic,2.441252075,4.658813618,9.286752953,12.01755313
Electricity [TWh],Central Europe,SSP2,pessimistic,3.469232518,5.381116056,10.17153651,15.69286705
Electricity [TWh],Central Europe,SSP2,baseline,3.469232518,5.381116056,10.17153651,15.69286705
Electricity [TWh],Central Europe,SSP2,optimistic,2.375179527,3.911390638,7.76052526,12.19695099
Electricity [TWh],Central Europe,SSP3,pessimistic,3.439891525,5.290844429,7.336573946,9.684522711
Electricity [TWh],Central Europe,SSP3,baseline,3.439891525,5.290844429,7.336573946,9.684522711
Electricity [TWh],Central Europe,SSP3,optimistic,2.351603845,3.838856786,5.482614029,7.369206443
Electricity [TWh],Central Europe,SSP4,pessimistic,3.414142307,5.289733229,7.539261988,11.5083683
Electricity [TWh],Central Europe,SSP4,baseline,3.414142307,5.289733229,7.539261988,11.5083683
Electricity [TWh],Central Europe,SSP4,optimistic,2.330914177,3.83796393,5.645475216,8.834678478
Electricity [TWh],Central Europe,SSP5,pessimistic,3.543169052,6.613934363,12.96953017,15.99545711
Electricity [TWh],Central Europe,SSP5,baseline,3.543169052,6.613934363,12.96953017,15.99545711
Electricity [TWh],Central Europe,SSP5,optimistic,2.434588023,4.901968329,10.00873174,12.44008411
Electricity [TWh],Central Latin America,SSP1,pessimistic,1.964855541,4.57698461,10.60774319,14.49131411
Electricity [TWh],Central Latin America,SSP1,baseline,1.964855541,4.57698461,10.60774319,14.49131411
Electricity [TWh],Central Latin America,SSP1,optimistic,1.166402644,3.265265685,8.111020221,11.23149523
Electricity [TWh],Central Latin America,SSP2,pessimistic,1.820956396,3.750288369,7.957034906,13.8710726
Electricity [TWh],Central Latin America,SSP2,baseline,1.820956396,3.750288369,7.957034906,13.8710726
Electricity [TWh],Central Latin America,SSP2,optimistic,1.050778725,2.601009769,5.981158528,10.73312706
Electricity [TWh],Central Latin America,SSP3,pessimistic,1.727824275,3.263675393,4.937780748,7.090078873
Electricity [TWh],Central Latin America,SSP3,baseline,1.727824275,3.263675393,4.937780748,7.090078873
Electricity [TWh],Central Latin America,SSP3,optimistic,0.975946448,2.210013013,3.555167776,5.284553602
Electricity [TWh],Central Latin America,SSP4,pessimistic,1.699926403,3.306725782,5.417084237,8.630244649
Electricity [TWh],Central Latin America,SSP4,baseline,1.699926403,3.306725782,5.417084237,8.630244649
Electricity [TWh],Central Latin America,SSP4,optimistic,0.953530322,2.244604287,3.94029131,6.522087024
Electricity [TWh],Central Latin America,SSP5,pessimistic,1.979167372,4.856956011,11.84043339,15.58420294
Electricity [TWh],Central Latin America,SSP5,baseline,1.979167372,4.856956011,11.84043339,15.58420294
Electricity [TWh],Central Latin America,SSP5,optimistic,1.177902294,3.490224563,9.101494983,12.10963866
Electricity [TWh],East Asia,SSP1,pessimistic,1.967919219,4.569086357,10.55489911,14.44417971
Electricity [TWh],East Asia,SSP1,baseline,1.967919219,4.569086357,10.55489911,14.44417971
Electricity [TWh],East Asia,SSP1,optimistic,1.168864329,3.258919386,8.068559654,11.19362243
Electricity [TWh],East Asia,SSP2,pessimistic,1.824098395,3.75414733,7.935165441,13.79073859
Electricity [TWh],East Asia,SSP2,baseline,1.824098395,3.75414733,7.935165441,13.79073859
Electricity [TWh],East Asia,SSP2,optimistic,1.053303342,2.60411047,5.963586268,10.66857815
Electricity [TWh],East Asia,SSP3,pessimistic,1.731038705,3.267786284,4.942882949,7.096241538
Electricity [TWh],East Asia,SSP3,baseline,1.731038705,3.267786284,4.942882949,7.096241538
Electricity [TWh],East Asia,SSP3,optimistic,0.978529264,2.213316142,3.559267428,5.289505345
Electricity [TWh],East Asia,SSP4,pessimistic,1.703136143,3.310819092,5.422145694,8.612837496
Electricity [TWh],East Asia,SSP4,baseline,1.703136143,3.310819092,5.422145694,8.612837496
Electricity [TWh],East Asia,SSP4,optimistic,0.95610937,2.247893288,3.944358224,6.508100261
Electricity [TWh],East Asia,SSP5,pessimistic,1.982225017,4.839311414,11.78911304,15.49256696
Electricity [TWh],East Asia,SSP5,baseline,1.982225017,4.839311414,11.78911304,15.49256696
Electricity [TWh],East Asia,SSP5,optimistic,1.180359132,3.476047013,9.060258735,12.03600854
Electricity [TWh],North Africa and Middle East,SSP1,pessimistic,2.113279106,4.776114401,11.21189422,15.39272136
Electricity [TWh],North Africa and Middle East,SSP1,baseline,2.113279106,4.776114401,11.21189422,15.39272136
Electricity [TWh],North Africa and Middle East,SSP1,optimistic,1.285661963,3.425267794,8.596459586,11.95578194
Electricity [TWh],North Africa and Middle East,SSP2,pessimistic,1.944291194,3.988505092,8.262136282,14.66406351
Electricity [TWh],North Africa and Middle East,SSP2,baseline,1.944291194,3.988505092,8.262136282,14.66406351
Electricity [TWh],North Africa and Middle East,SSP2,optimistic,1.149879054,2.792418487,6.226309509,11.37030052
Electricity [TWh],North Africa and Middle East,SSP3,pessimistic,1.866987641,3.468146763,5.252029017,7.535388084
Electricity [TWh],North Africa and Middle East,SSP3,baseline,1.866987641,3.468146763,5.252029017,7.535388084
Electricity [TWh],North Africa and Middle East,SSP3,optimistic,1.087765136,2.374307116,3.807668346,5.642362508
Electricity [TWh],North Africa and Middle East,SSP4,pessimistic,1.839049686,3.541649385,5.746944244,9.012042772
Electricity [TWh],North Africa and Middle East,SSP4,baseline,1.839049686,3.541649385,5.746944244,9.012042772
Electricity [TWh],North Africa and Middle East,SSP4,optimistic,1.065316804,2.433366961,4.205336015,6.82886435
Electricity [TWh],North Africa and Middle East,SSP5,pessimistic,2.126735955,5.036229754,12.53772717,16.57253246
Electricity [TWh],North Africa and Middle East,SSP5,baseline,2.126735955,5.036229754,12.53772717,16.57253246
Electricity [TWh],North Africa and Middle East,SSP5,optimistic,1.29647463,3.634272205,9.661775158,12.90376799
Electricity [TWh],Median,SSP1,pessimistic,2.040599161,4.676549505,10.90981871,14.94201773
Electricity [TWh],Median,SSP1,baseline,2.040599161,4.676549505,10.90981871,14.94201773
Electricity [TWh],Median,SSP1,optimistic,1.227263145,3.345266738,8.353739907,11.59363858
Electricity [TWh],Median,SSP2,pessimistic,1.884194793,3.87132621,8.109585595,14.26756805
Electricity [TWh],Median,SSP2,baseline,1.884194793,3.87132621,8.109585595,14.26756805
Electricity [TWh],Median,SSP2,optimistic,1.101591197,2.698264477,6.103734019,11.05171379
Electricity [TWh],Median,SSP3,pessimistic,1.799013172,3.367966522,5.097455982,7.315814812
Electricity [TWh],Median,SSP3,baseline,1.799013172,3.367966522,5.097455982,7.315814812
Electricity [TWh],Median,SSP3,optimistic,1.033147199,2.293811628,3.683467886,5.465933928
Electricity [TWh],Median,SSP4,pessimistic,1.771092916,3.426234238,5.584544967,8.821143711
Electricity [TWh],Median,SSP4,baseline,1.771092916,3.426234238,5.584544967,8.821143711
Electricity [TWh],Median,SSP4,optimistic,1.010713088,2.340630124,4.074847117,6.675475687
Electricity [TWh],Median,SSP5,pessimistic,2.054480487,4.946592884,12.18908028,15.78983002
Electricity [TWh],Median,SSP5,baseline,2.054480487,4.946592884,12.18908028,15.78983002
Electricity [TWh],Median,SSP5,optimistic,1.238416882,3.562248385,9.38163507,12.27486138
GHG [GtonCO2_eq],Central Europe,SSP1,pessimistic,0.01680772,0.028697457,0.053271331,0.067359435
GHG [GtonCO2_eq],Central Europe,SSP1,baseline,0.01680772,0.028697457,0.053271331,0.067359435
GHG [GtonCO2_eq],Central Europe,SSP1,optimistic,0.016465423,0.028150545,0.052255298,0.065982465
GHG [GtonCO2_eq],Central Europe,SSP2,pessimistic,0.016448804,0.024658736,0.045089853,0.06831341
GHG [GtonCO2_eq],Central Europe,SSP2,baseline,0.016448804,0.024658736,0.045089853,0.06831341
GHG [GtonCO2_eq],Central Europe,SSP2,optimistic,0.016111488,0.024172316,0.044210021,0.06691894
GHG [GtonCO2_eq],Central Europe,SSP3,pessimistic,0.016320737,0.024266797,0.032878908,0.042641165
GHG [GtonCO2_eq],Central Europe,SSP3,baseline,0.016320737,0.024266797,0.032878908,0.042641165
GHG [GtonCO2_eq],Central Europe,SSP3,optimistic,0.015985199,0.023786248,0.032202357,0.041717619
GHG [GtonCO2_eq],Central Europe,SSP4,pessimistic,0.016208347,0.024261972,0.03375194,0.050434029
GHG [GtonCO2_eq],Central Europe,SSP4,baseline,0.016208347,0.024261972,0.03375194,0.050434029
GHG [GtonCO2_eq],Central Europe,SSP4,optimistic,0.015874369,0.023781496,0.033060855,0.049367533
GHG [GtonCO2_eq],Central Europe,SSP5,pessimistic,0.01677152,0.030011351,0.057141562,0.069606306
GHG [GtonCO2_eq],Central Europe,SSP5,baseline,0.01677152,0.030011351,0.057141562,0.069606306
GHG [GtonCO2_eq],Central Europe,SSP5,optimistic,0.016429725,0.029444759,0.0560611,0.06818812
GHG [GtonCO2_eq],Central Latin America,SSP1,pessimistic,0.010063537,0.021914765,0.049833728,0.068704776
GHG [GtonCO2_eq],Central Latin America,SSP1,baseline,0.010063537,0.021914765,0.049833728,0.068704776
GHG [GtonCO2_eq],Central Latin America,SSP1,optimistic,0.00987417,0.021667298,0.049544367,0.068564166
GHG [GtonCO2_eq],Central Latin America,SSP2,pessimistic,0.009424835,0.01820347,0.037732025,0.065825856
GHG [GtonCO2_eq],Central Latin America,SSP2,baseline,0.009424835,0.01820347,0.037732025,0.065825856
GHG [GtonCO2_eq],Central Latin America,SSP2,optimistic,0.009242174,0.017986649,0.037503028,0.065690503
GHG [GtonCO2_eq],Central Latin America,SSP3,pessimistic,0.009011464,0.016018914,0.02394774,0.03435112
GHG [GtonCO2_eq],Central Latin America,SSP3,baseline,0.009011464,0.016018914,0.02394774,0.03435112
GHG [GtonCO2_eq],Central Latin America,SSP3,optimistic,0.008833143,0.015820131,0.0237875,0.034273241
GHG [GtonCO2_eq],Central Latin America,SSP4,pessimistic,0.008887638,0.01621218,0.026135981,0.041499971
GHG [GtonCO2_eq],Central Latin America,SSP4,baseline,0.008887638,0.01621218,0.026135981,0.041499971
GHG [GtonCO2_eq],Central Latin America,SSP4,optimistic,0.008710617,0.016011802,0.025964826,0.041409038
GHG [GtonCO2_eq],Central Latin America,SSP5,pessimistic,0.010127061,0.023171644,0.055461526,0.07377754
GHG [GtonCO2_eq],Central Latin America,SSP5,baseline,0.010127061,0.023171644,0.055461526,0.07377754
GHG [GtonCO2_eq],Central Latin America,SSP5,optimistic,0.009937027,0.022913798,0.055144093,0.073627668
GHG [GtonCO2_eq],East Asia,SSP1,pessimistic,0.010002546,0.021572409,0.048420245,0.066221829
GHG [GtonCO2_eq],East Asia,SSP1,baseline,0.010002546,0.021572409,0.048420245,0.066221829
GHG [GtonCO2_eq],East Asia,SSP1,optimistic,0.009789313,0.02124744,0.047873728,0.065599091
GHG [GtonCO2_eq],East Asia,SSP2,pessimistic,0.009368551,0.017963309,0.036737935,0.063287862
GHG [GtonCO2_eq],East Asia,SSP2,baseline,0.009368551,0.017963309,0.036737935,0.063287862
GHG [GtonCO2_eq],East Asia,SSP2,optimistic,0.00916286,0.017678058,0.036304566,0.062689722
GHG [GtonCO2_eq],East Asia,SSP3,pessimistic,0.008958323,0.015809374,0.023394299,0.033229399
GHG [GtonCO2_eq],East Asia,SSP3,baseline,0.008958323,0.015809374,0.023394299,0.033229399
GHG [GtonCO2_eq],East Asia,SSP3,optimistic,0.008757512,0.015547827,0.023090169,0.032883267
GHG [GtonCO2_eq],East Asia,SSP4,pessimistic,0.008835323,0.015999952,0.025531499,0.040038954
GHG [GtonCO2_eq],East Asia,SSP4,baseline,0.008835323,0.015999952,0.025531499,0.040038954
GHG [GtonCO2_eq],East Asia,SSP4,optimistic,0.008635974,0.015736308,0.02520667,0.039635731
GHG [GtonCO2_eq],East Asia,SSP5,pessimistic,0.010065609,0.022769148,0.053924037,0.070929115
GHG [GtonCO2_eq],East Asia,SSP5,baseline,0.010065609,0.022769148,0.053924037,0.070929115
GHG [GtonCO2_eq],East Asia,SSP5,optimistic,0.009851627,0.022431009,0.053324214,0.070266911
GHG [GtonCO2_eq],North Africa and Middle East,SSP1,pessimistic,0.010818698,0.023199752,0.054114887,0.075842645
GHG [GtonCO2_eq],North Africa and Middle East,SSP1,baseline,0.010818698,0.023199752,0.054114887,0.075842645
GHG [GtonCO2_eq],North Africa and Middle East,SSP1,optimistic,0.010651032,0.023038321,0.054128292,0.076288602
GHG [GtonCO2_eq],North Africa and Middle East,SSP2,pessimistic,0.010062347,0.019605284,0.040263511,0.072324857
GHG [GtonCO2_eq],North Africa and Middle East,SSP2,baseline,0.010062347,0.019605284,0.040263511,0.072324857
GHG [GtonCO2_eq],North Africa and Middle East,SSP2,optimistic,0.009901408,0.019462348,0.040273946,0.072752237
GHG [GtonCO2_eq],North Africa and Middle East,SSP3,pessimistic,0.009716354,0.017230488,0.026128749,0.037909298
GHG [GtonCO2_eq],North Africa and Middle East,SSP3,baseline,0.009716354,0.017230488,0.026128749,0.037909298
GHG [GtonCO2_eq],North Africa and Middle East,SSP3,optimistic,0.009558492,0.017099771,0.026136152,0.038154926
GHG [GtonCO2_eq],North Africa and Middle East,SSP4,pessimistic,0.00959131,0.017565937,0.028452755,0.045038237
GHG [GtonCO2_eq],North Africa and Middle East,SSP4,baseline,0.00959131,0.017565937,0.028452755,0.045038237
GHG [GtonCO2_eq],North Africa and Middle East,SSP4,optimistic,0.00943456,0.017433494,0.028460657,0.045321514
GHG [GtonCO2_eq],North Africa and Middle East,SSP5,pessimistic,0.010878928,0.024386859,0.06034069,0.081538494
GHG [GtonCO2_eq],North Africa and Middle East,SSP5,baseline,0.010878928,0.024386859,0.06034069,0.081538494
GHG [GtonCO2_eq],North Africa and Middle East,SSP5,optimistic,0.010710726,0.02421932,0.06035543,0.082014532
GHG [GtonCO2_eq],Median,SSP1,pessimistic,0.010306473,0.021980208,0.049738092,0.067944156
GHG [GtonCO2_eq],Median,SSP1,baseline,0.010306473,0.021980208,0.049738092,0.067944156
GHG [GtonCO2_eq],Median,SSP1,optimistic,0.010085573,0.021637376,0.049133824,0.067223292
GHG [GtonCO2_eq],Median,SSP2,pessimistic,0.009618052,0.018424887,0.037316304,0.064938374
GHG [GtonCO2_eq],Median,SSP2,baseline,0.009618052,0.018424887,0.037316304,0.064938374
GHG [GtonCO2_eq],Median,SSP2,optimistic,0.009405499,0.0181228,0.036842113,0.064246041
GHG [GtonCO2_eq],Median,SSP3,pessimistic,0.009243121,0.016202392,0.023954547,0.033956884
GHG [GtonCO2_eq],Median,SSP3,baseline,0.009243121,0.016202392,0.023954547,0.033956884
GHG [GtonCO2_eq],Median,SSP3,optimistic,0.009035113,0.015925775,0.023620275,0.033558628
GHG [GtonCO2_eq],Median,SSP4,pessimistic,0.009120229,0.016459662,0.026115266,0.040665599
GHG [GtonCO2_eq],Median,SSP4,baseline,0.009120229,0.016459662,0.026115266,0.040665599
GHG [GtonCO2_eq],Median,SSP4,optimistic,0.008913711,0.016180097,0.025758367,0.040203664
GHG [GtonCO2_eq],Median,SSP5,pessimistic,0.010367573,0.023172536,0.055412875,0.071722554
GHG [GtonCO2_eq],Median,SSP5,baseline,0.010367573,0.023172536,0.055412875,0.071722554
GHG [GtonCO2_eq],Median,SSP5,optimistic,0.010145932,0.02281604,0.054749184,0.070965825
CO2_f [GtonCO2_eq],Central Europe,SSP1,pessimistic,0.003740651,0.006543851,0.012374074,0.015780025
CO2_f [GtonCO2_eq],Central Europe,SSP1,baseline,0.003740651,0.006543851,0.012374074,0.015780025
CO2_f [GtonCO2_eq],Central Europe,SSP1,optimistic,0.002719345,0.005020255,0.009798373,0.012575815
CO2_f [GtonCO2_eq],Central Europe,SSP2,pessimistic,0.003656742,0.005596437,0.010444917,0.016006144
CO2_f [GtonCO2_eq],Central Europe,SSP2,baseline,0.003656742,0.005596437,0.010444917,0.016006144
CO2_f [GtonCO2_eq],Central Europe,SSP2,optimistic,0.0026503,0.004241362,0.008214493,0.012761213
CO2_f [GtonCO2_eq],Central Europe,SSP3,pessimistic,0.003626802,0.005504495,0.007565631,0.009921103
CO2_f [GtonCO2_eq],Central Europe,SSP3,baseline,0.003626802,0.005504495,0.007565631,0.009921103
CO2_f [GtonCO2_eq],Central Europe,SSP3,optimistic,0.002625664,0.004165774,0.005850534,0.007772012
CO2_f [GtonCO2_eq],Central Europe,SSP4,pessimistic,0.003600527,0.005503363,0.007771488,0.01176823
CO2_f [GtonCO2_eq],Central Europe,SSP4,baseline,0.003600527,0.005503363,0.007771488,0.01176823
CO2_f [GtonCO2_eq],Central Europe,SSP4,optimistic,0.002604043,0.004164843,0.006019547,0.009286494
CO2_f [GtonCO2_eq],Central Europe,SSP5,pessimistic,0.003732188,0.006852068,0.013286657,0.016312597
CO2_f [GtonCO2_eq],Central Europe,SSP5,baseline,0.003732188,0.006852068,0.013286657,0.016312597
CO2_f [GtonCO2_eq],Central Europe,SSP5,optimistic,0.002712381,0.005273648,0.010547624,0.013012477
CO2_f [GtonCO2_eq],Central Latin America,SSP1,pessimistic,0.002232207,0.005234146,0.012639125,0.018166654
CO2_f [GtonCO2_eq],Central Latin America,SSP1,baseline,0.002232207,0.005234146,0.012639125,0.018166654
CO2_f [GtonCO2_eq],Central Latin America,SSP1,optimistic,0.001531979,0.004137402,0.010704643,0.015840756
CO2_f [GtonCO2_eq],Central Latin America,SSP2,pessimistic,0.00207888,0.004317586,0.009528574,0.017398635
CO2_f [GtonCO2_eq],Central Latin America,SSP2,baseline,0.00207888,0.004317586,0.009528574,0.017398635
CO2_f [GtonCO2_eq],Central Latin America,SSP2,optimistic,0.001403449,0.003356661,0.007997648,0.015159695
CO2_f [GtonCO2_eq],Central Latin America,SSP3,pessimistic,0.001979646,0.003778078,0.005985543,0.009002023
CO2_f [GtonCO2_eq],Central Latin America,SSP3,baseline,0.001979646,0.003778078,0.005985543,0.009002023
CO2_f [GtonCO2_eq],Central Latin America,SSP3,optimistic,0.001320264,0.002897099,0.004914283,0.007713771
CO2_f [GtonCO2_eq],Central Latin America,SSP4,pessimistic,0.001949921,0.003825808,0.006547995,0.010909144
CO2_f [GtonCO2_eq],Central Latin America,SSP4,baseline,0.001949921,0.003825808,0.006547995,0.010909144
CO2_f [GtonCO2_eq],Central Latin America,SSP4,optimistic,0.001295346,0.002937756,0.005403764,0.009404963
CO2_f [GtonCO2_eq],Central Latin America,SSP5,pessimistic,0.002247456,0.00554455,0.014085661,0.019519931
CO2_f [GtonCO2_eq],Central Latin America,SSP5,baseline,0.002247456,0.00554455,0.014085661,0.019519931
CO2_f [GtonCO2_eq],Central Latin America,SSP5,optimistic,0.001544762,0.00440181,0.011963508,0.017040811
CO2_f [GtonCO2_eq],East Asia,SSP1,pessimistic,0.002148751,0.004868267,0.011212449,0.015472168
CO2_f [GtonCO2_eq],East Asia,SSP1,baseline,0.002148751,0.004868267,0.011212449,0.015472168
CO2_f [GtonCO2_eq],East Asia,SSP1,optimistic,0.001420798,0.003683634,0.008989821,0.012599692
CO2_f [GtonCO2_eq],East Asia,SSP2,pessimistic,0.002000585,0.00402229,0.008461982,0.014778396
CO2_f [GtonCO2_eq],East Asia,SSP2,baseline,0.002000585,0.00402229,0.008461982,0.014778396
CO2_f [GtonCO2_eq],East Asia,SSP2,optimistic,0.001298378,0.002982444,0.006699516,0.012019383
CO2_f [GtonCO2_eq],East Asia,SSP3,pessimistic,0.001904714,0.003517405,0.005320375,0.007670713
CO2_f [GtonCO2_eq],East Asia,SSP3,baseline,0.001904714,0.003517405,0.005320375,0.007670713
CO2_f [GtonCO2_eq],East Asia,SSP3,optimistic,0.001219165,0.002563969,0.004083511,0.006074124
CO2_f [GtonCO2_eq],East Asia,SSP4,pessimistic,0.001875969,0.003562077,0.005823554,0.009280914
CO2_f [GtonCO2_eq],East Asia,SSP4,baseline,0.001875969,0.003562077,0.005823554,0.009280914
CO2_f [GtonCO2_eq],East Asia,SSP4,optimistic,0.001195415,0.002600995,0.004502507,0.007420984
CO2_f [GtonCO2_eq],East Asia,SSP5,pessimistic,0.002163488,0.005148784,0.012508254,0.016585262
CO2_f [GtonCO2_eq],East Asia,SSP5,baseline,0.002163488,0.005148784,0.012508254,0.016585262
CO2_f [GtonCO2_eq],East Asia,SSP5,optimistic,0.001432975,0.003916141,0.010068833,0.013530745
CO2_f [GtonCO2_eq],North Africa and Middle East,SSP1,pessimistic,0.002467317,0.005766187,0.014558282,0.021629272
CO2_f [GtonCO2_eq],North Africa and Middle East,SSP1,baseline,0.002467317,0.005766187,0.014558282,0.021629272
CO2_f [GtonCO2_eq],North Africa and Middle East,SSP1,optimistic,0.001765223,0.00471413,0.012794078,0.019669329
CO2_f [GtonCO2_eq],North Africa and Middle East,SSP2,pessimistic,0.002282265,0.004846426,0.010791787,0.02061937
CO2_f [GtonCO2_eq],North Africa and Middle East,SSP2,baseline,0.002282265,0.004846426,0.010791787,0.02061937
CO2_f [GtonCO2_eq],North Africa and Middle East,SSP2,optimistic,0.00160834,0.003914898,0.009418549,0.018741074
CO2_f [GtonCO2_eq],North Africa and Middle East,SSP3,pessimistic,0.002197613,0.004238757,0.006948234,0.010739194
CO2_f [GtonCO2_eq],North Africa and Middle East,SSP3,baseline,0.002197613,0.004238757,0.006948234,0.010739194
CO2_f [GtonCO2_eq],North Africa and Middle East,SSP3,optimistic,0.001536574,0.00338686,0.005973961,0.00965968
CO2_f [GtonCO2_eq],North Africa and Middle East,SSP4,pessimistic,0.002167019,0.004324593,0.007580182,0.012785803
CO2_f [GtonCO2_eq],North Africa and Middle East,SSP4,baseline,0.002167019,0.004324593,0.007580182,0.012785803
CO2_f [GtonCO2_eq],North Africa and Middle East,SSP4,optimistic,0.001510638,0.003461448,0.006540312,0.011540827
CO2_f [GtonCO2_eq],North Africa and Middle East,SSP5,pessimistic,0.002482053,0.006069947,0.016251215,0.023264463
CO2_f [GtonCO2_eq],North Africa and Middle East,SSP5,baseline,0.002482053,0.006069947,0.016251215,0.023264463
CO2_f [GtonCO2_eq],North Africa and Middle East,SSP5,optimistic,0.001777716,0.004978084,0.014311283,0.021172319
CO2_f [GtonCO2_eq],Median,SSP1,pessimistic,0.002205488,0.004905543,0.011297818,0.015445021
CO2_f [GtonCO2_eq],Median,SSP1,baseline,0.002205488,0.004905543,0.011297818,0.015445021
CO2_f [GtonCO2_eq],Median,SSP1,optimistic,0.001459426,0.003685123,0.008956756,0.012381132
CO2_f [GtonCO2_eq],Median,SSP2,pessimistic,0.002045487,0.004081261,0.008428497,0.014753254
CO2_f [GtonCO2_eq],Median,SSP2,baseline,0.002045487,0.004081261,0.008428497,0.014753254
CO2_f [GtonCO2_eq],Median,SSP2,optimistic,0.001327614,0.003005887,0.006591377,0.01181063
CO2_f [GtonCO2_eq],Median,SSP3,pessimistic,0.001958346,0.003565987,0.005342051,0.007623008
CO2_f [GtonCO2_eq],Median,SSP3,baseline,0.001958346,0.003565987,0.005342051,0.007623008
CO2_f [GtonCO2_eq],Median,SSP3,optimistic,0.001255827,0.002581283,0.004047007,0.0059303
CO2_f [GtonCO2_eq],Median,SSP4,pessimistic,0.001929783,0.003625634,0.005841158,0.009166988
CO2_f [GtonCO2_eq],Median,SSP4,baseline,0.001929783,0.003625634,0.005841158,0.009166988
CO2_f [GtonCO2_eq],Median,SSP4,optimistic,0.001232297,0.002630434,0.004458455,0.007203623
CO2_f [GtonCO2_eq],Median,SSP5,pessimistic,0.002219689,0.005181978,0.012608642,0.016314601
CO2_f [GtonCO2_eq],Median,SSP5,baseline,0.002219689,0.005181978,0.012608642,0.016314601
CO2_f [GtonCO2_eq],Median,SSP5,optimistic,0.001471124,0.003912915,0.010037358,0.013098277
CH4 [GtonCO2_eq],Central Europe,SSP1,pessimistic,0.000889377,0.0014901,0.002684111,0.003286107
CH4 [GtonCO2_eq],Central Europe,SSP1,baseline,0.000889377,0.0014901,0.002684111,0.003286107
CH4 [GtonCO2_eq],Central Europe,SSP1,optimistic,0.000720707,0.001230439,0.002224878,0.002689772
CH4 [GtonCO2_eq],Central Europe,SSP2,pessimistic,0.000870321,0.001279865,0.002271131,0.003332732
CH4 [GtonCO2_eq],Central Europe,SSP2,baseline,0.000870321,0.001279865,0.002271131,0.003332732
CH4 [GtonCO2_eq],Central Europe,SSP2,optimistic,0.000704106,0.001048924,0.001873459,0.002728818
CH4 [GtonCO2_eq],Central Europe,SSP3,pessimistic,0.000863522,0.001259462,0.001654754,0.002078012
CH4 [GtonCO2_eq],Central Europe,SSP3,baseline,0.000863522,0.001259462,0.001654754,0.002078012
CH4 [GtonCO2_eq],Central Europe,SSP3,optimistic,0.000698182,0.001031309,0.001348962,0.001678045
CH4 [GtonCO2_eq],Central Europe,SSP4,pessimistic,0.000857555,0.001259211,0.001698823,0.002458885
CH4 [GtonCO2_eq],Central Europe,SSP4,baseline,0.000857555,0.001259211,0.001698823,0.002458885
CH4 [GtonCO2_eq],Central Europe,SSP4,optimistic,0.000692984,0.001031092,0.001386461,0.00199701
CH4 [GtonCO2_eq],Central Europe,SSP5,pessimistic,0.000887455,0.001558494,0.00287947,0.003395921
CH4 [GtonCO2_eq],Central Europe,SSP5,baseline,0.000887455,0.001558494,0.00287947,0.003395921
CH4 [GtonCO2_eq],Central Europe,SSP5,optimistic,0.000719032,0.00128949,0.002391116,0.002781737
CH4 [GtonCO2_eq],Central Latin America,SSP1,pessimistic,0.000533777,0.001148032,0.002557381,0.003450992
CH4 [GtonCO2_eq],Central Latin America,SSP1,baseline,0.000533777,0.001148032,0.002557381,0.003450992
CH4 [GtonCO2_eq],Central Latin America,SSP1,optimistic,0.000416213,0.000954212,0.002186519,0.002964241
CH4 [GtonCO2_eq],Central Latin America,SSP2,pessimistic,0.000499721,0.000953038,0.001935323,0.003306177
CH4 [GtonCO2_eq],Central Latin America,SSP2,baseline,0.000499721,0.000953038,0.001935323,0.003306177
CH4 [GtonCO2_eq],Central Latin America,SSP2,optimistic,0.00038632,0.000783221,0.001641827,0.002837624
CH4 [GtonCO2_eq],Central Latin America,SSP3,pessimistic,0.00047768,0.00083826,0.001226776,0.00172294
CH4 [GtonCO2_eq],Central Latin America,SSP3,baseline,0.00047768,0.00083826,0.001226776,0.00172294
CH4 [GtonCO2_eq],Central Latin America,SSP3,optimistic,0.000366973,0.000682571,0.001021403,0.001453342
CH4 [GtonCO2_eq],Central Latin America,SSP4,pessimistic,0.000471077,0.000848415,0.001339257,0.00208254
CH4 [GtonCO2_eq],Central Latin America,SSP4,baseline,0.000471077,0.000848415,0.001339257,0.00208254
CH4 [GtonCO2_eq],Central Latin America,SSP4,optimistic,0.000361178,0.000691476,0.001119895,0.001767753
CH4 [GtonCO2_eq],Central Latin America,SSP5,pessimistic,0.000537164,0.001214069,0.002846664,0.003706161
CH4 [GtonCO2_eq],Central Latin America,SSP5,baseline,0.000537164,0.001214069,0.002846664,0.003706161
CH4 [GtonCO2_eq],Central Latin America,SSP5,optimistic,0.000419186,0.001012121,0.002439824,0.003187345
CH4 [GtonCO2_eq],East Asia,SSP1,pessimistic,0.000532354,0.001137342,0.002511291,0.003374927
CH4 [GtonCO2_eq],East Asia,SSP1,baseline,0.000532354,0.001137342,0.002511291,0.003374927
CH4 [GtonCO2_eq],East Asia,SSP1,optimistic,0.000413996,0.00094144,0.002134293,0.002875218
CH4 [GtonCO2_eq],East Asia,SSP2,pessimistic,0.000498442,0.000946541,0.001904486,0.003225205
CH4 [GtonCO2_eq],East Asia,SSP2,baseline,0.000498442,0.000946541,0.001904486,0.003225205
CH4 [GtonCO2_eq],East Asia,SSP2,optimistic,0.000384269,0.000774582,0.00160554,0.002745235
CH4 [GtonCO2_eq],East Asia,SSP3,pessimistic,0.000476499,0.00083267,0.001211388,0.00169131
CH4 [GtonCO2_eq],East Asia,SSP3,baseline,0.000476499,0.00083267,0.001211388,0.00169131
CH4 [GtonCO2_eq],East Asia,SSP3,optimistic,0.000365035,0.000675001,0.001001593,0.00141356
CH4 [GtonCO2_eq],East Asia,SSP4,pessimistic,0.000469919,0.000842745,0.001322398,0.002038804
CH4 [GtonCO2_eq],East Asia,SSP4,baseline,0.000469919,0.000842745,0.001322398,0.002038804
CH4 [GtonCO2_eq],East Asia,SSP4,optimistic,0.000359267,0.000683811,0.001098325,0.001715242
CH4 [GtonCO2_eq],East Asia,SSP5,pessimistic,0.000535727,0.00120061,0.00279717,0.003615141
CH4 [GtonCO2_eq],East Asia,SSP5,baseline,0.000535727,0.00120061,0.00279717,0.003615141
CH4 [GtonCO2_eq],East Asia,SSP5,optimistic,0.000416953,0.000996768,0.0023834,0.003083764
CH4 [GtonCO2_eq],North Africa and Middle East,SSP1,pessimistic,0.000565274,0.001180369,0.002642381,0.003551409
CH4 [GtonCO2_eq],North Africa and Middle East,SSP1,baseline,0.000565274,0.001180369,0.002642381,0.003551409
CH4 [GtonCO2_eq],North Africa and Middle East,SSP1,optimistic,0.000442253,0.000976974,0.002241031,0.003014078
CH4 [GtonCO2_eq],North Africa and Middle East,SSP2,pessimistic,0.000525514,0.000996775,0.001964431,0.003386323
CH4 [GtonCO2_eq],North Africa and Middle East,SSP2,baseline,0.000525514,0.000996775,0.001964431,0.003386323
CH4 [GtonCO2_eq],North Africa and Middle East,SSP2,optimistic,0.000407428,0.000816682,0.001652025,0.002871377
CH4 [GtonCO2_eq],North Africa and Middle East,SSP3,pessimistic,0.000507325,0.000875478,0.001272611,0.001771238
CH4 [GtonCO2_eq],North Africa and Middle East,SSP3,baseline,0.000507325,0.000875478,0.001272611,0.001771238
CH4 [GtonCO2_eq],North Africa and Middle East,SSP3,optimistic,0.000391498,0.00071078,0.001050968,0.001475283
CH4 [GtonCO2_eq],North Africa and Middle East,SSP4,pessimistic,0.000500752,0.000892611,0.001386359,0.002105791
CH4 [GtonCO2_eq],North Africa and Middle East,SSP4,baseline,0.000500752,0.000892611,0.001386359,0.002105791
CH4 [GtonCO2_eq],North Africa and Middle East,SSP4,optimistic,0.000385741,0.000725739,0.001149792,0.001764474
CH4 [GtonCO2_eq],North Africa and Middle East,SSP5,pessimistic,0.00056844,0.001241002,0.0029471,0.003818709
CH4 [GtonCO2_eq],North Africa and Middle East,SSP5,baseline,0.00056844,0.001241002,0.0029471,0.003818709
CH4 [GtonCO2_eq],North Africa and Middle East,SSP5,optimistic,0.000445026,0.001029912,0.002505773,0.003245135
CH4 [GtonCO2_eq],Median,SSP1,pessimistic,0.000544717,0.001142638,0.002516057,0.00333892
CH4 [GtonCO2_eq],Median,SSP1,baseline,0.000544717,0.001142638,0.002516057,0.00333892
CH4 [GtonCO2_eq],Median,SSP1,optimistic,0.000423116,0.000939891,0.002116094,0.002800985
CH4 [GtonCO2_eq],Median,SSP2,pessimistic,0.000508143,0.000957263,0.001886617,0.003190983
CH4 [GtonCO2_eq],Median,SSP2,baseline,0.000508143,0.000957263,0.001886617,0.003190983
CH4 [GtonCO2_eq],Median,SSP2,optimistic,0.000391137,0.000778611,0.001572751,0.002674338
CH4 [GtonCO2_eq],Median,SSP3,pessimistic,0.000488224,0.000841381,0.001209546,0.001666143
CH4 [GtonCO2_eq],Median,SSP3,baseline,0.000488224,0.000841381,0.001209546,0.001666143
CH4 [GtonCO2_eq],Median,SSP3,optimistic,0.000373721,0.000677793,0.000988293,0.00136895
CH4 [GtonCO2_eq],Median,SSP4,pessimistic,0.000481695,0.000854795,0.001319035,0.001996331
CH4 [GtonCO2_eq],Median,SSP4,baseline,0.000481695,0.000854795,0.001319035,0.001996331
CH4 [GtonCO2_eq],Median,SSP4,optimistic,0.000368012,0.000689463,0.001082805,0.001651618
CH4 [GtonCO2_eq],Median,SSP5,pessimistic,0.000547963,0.001204807,0.002803611,0.003524885
CH4 [GtonCO2_eq],Median,SSP5,baseline,0.000547963,0.001204807,0.002803611,0.003524885
CH4 [GtonCO2_eq],Median,SSP5,optimistic,0.000425955,0.000993978,0.002364316,0.002960186
N2O [GtonCO2_eq],Central Europe,SSP1,pessimistic,0.004584502,0.00770488,0.014051239,0.017510484
N2O [GtonCO2_eq],Central Europe,SSP1,baseline,0.004584502,0.00770488,0.014051239,0.017510484
N2O [GtonCO2_eq],Central Europe,SSP1,optimistic,0.004869936,0.008103232,0.014655416,0.018176515
N2O [GtonCO2_eq],Central Europe,SSP2,pessimistic,0.004488297,0.006631423,0.011904642,0.017757467
N2O [GtonCO2_eq],Central Europe,SSP2,baseline,0.004488297,0.006631423,0.011904642,0.017757467
N2O [GtonCO2_eq],Central Europe,SSP2,optimistic,0.004769578,0.006985714,0.012427828,0.018431962
N2O [GtonCO2_eq],Central Europe,SSP3,pessimistic,0.00445397,0.006527249,0.008700823,0.011110949
N2O [GtonCO2_eq],Central Europe,SSP3,baseline,0.00445397,0.006527249,0.008700823,0.011110949
N2O [GtonCO2_eq],Central Europe,SSP3,optimistic,0.004733769,0.006877264,0.00910313,0.011557661
N2O [GtonCO2_eq],Central Europe,SSP4,pessimistic,0.004423845,0.006525967,0.008929883,0.013128514
N2O [GtonCO2_eq],Central Europe,SSP4,baseline,0.004423845,0.006525967,0.008929883,0.013128514
N2O [GtonCO2_eq],Central Europe,SSP4,optimistic,0.004702343,0.006875929,0.009340832,0.01364437
N2O [GtonCO2_eq],Central Europe,SSP5,pessimistic,0.004574798,0.008054102,0.015066683,0.018092197
N2O [GtonCO2_eq],Central Europe,SSP5,baseline,0.004574798,0.008054102,0.015066683,0.018092197
N2O [GtonCO2_eq],Central Europe,SSP5,optimistic,0.004859814,0.008466787,0.015709172,0.018778163
N2O [GtonCO2_eq],Central Latin America,SSP1,pessimistic,0.002788046,0.005949907,0.013341658,0.018248648
N2O [GtonCO2_eq],Central Latin America,SSP1,baseline,0.002788046,0.005949907,0.013341658,0.018248648
N2O [GtonCO2_eq],Central Latin America,SSP1,optimistic,0.003012647,0.006329584,0.014094878,0.019271958
N2O [GtonCO2_eq],Central Latin America,SSP2,pessimistic,0.002616198,0.00495573,0.010120694,0.017487192
N2O [GtonCO2_eq],Central Latin America,SSP2,baseline,0.002616198,0.00495573,0.010120694,0.017487192
N2O [GtonCO2_eq],Central Latin America,SSP2,optimistic,0.002832845,0.005288389,0.010716782,0.018472244
N2O [GtonCO2_eq],Central Latin America,SSP3,pessimistic,0.002504977,0.004370534,0.006451897,0.009162323
N2O [GtonCO2_eq],Central Latin America,SSP3,baseline,0.002504977,0.004370534,0.006451897,0.009162323
N2O [GtonCO2_eq],Central Latin America,SSP3,optimistic,0.002716477,0.004675517,0.006869008,0.009729106
N2O [GtonCO2_eq],Central Latin America,SSP4,pessimistic,0.00247166,0.004422306,0.007034314,0.011053149
N2O [GtonCO2_eq],Central Latin America,SSP4,baseline,0.00247166,0.004422306,0.007034314,0.011053149
N2O [GtonCO2_eq],Central Latin America,SSP4,optimistic,0.002681618,0.004729738,0.007479838,0.011714934
N2O [GtonCO2_eq],Central Latin America,SSP5,pessimistic,0.002805138,0.006286598,0.014839541,0.019590363
N2O [GtonCO2_eq],Central Latin America,SSP5,baseline,0.002805138,0.006286598,0.014839541,0.019590363
N2O [GtonCO2_eq],Central Latin America,SSP5,optimistic,0.00303053,0.006682199,0.015665833,0.020681084
N2O [GtonCO2_eq],East Asia,SSP1,pessimistic,0.00280658,0.006001925,0.013513028,0.018646074
N2O [GtonCO2_eq],East Asia,SSP1,baseline,0.00280658,0.006001925,0.013513028,0.018646074
N2O [GtonCO2_eq],East Asia,SSP1,optimistic,0.003035702,0.006395425,0.014310511,0.019754996
N2O [GtonCO2_eq],East Asia,SSP2,pessimistic,0.002633947,0.005011935,0.010273713,0.017823909
N2O [GtonCO2_eq],East Asia,SSP2,baseline,0.002633947,0.005011935,0.010273713,0.017823909
N2O [GtonCO2_eq],East Asia,SSP2,optimistic,0.002854966,0.005357341,0.010906089,0.018889029
N2O [GtonCO2_eq],East Asia,SSP3,pessimistic,0.002522244,0.004421102,0.006573739,0.009400838
N2O [GtonCO2_eq],East Asia,SSP3,baseline,0.002522244,0.004421102,0.006573739,0.009400838
N2O [GtonCO2_eq],East Asia,SSP3,optimistic,0.00273802,0.004737805,0.007017528,0.010017203
N2O [GtonCO2_eq],East Asia,SSP4,pessimistic,0.002488752,0.004473379,0.00716635,0.011309032
N2O [GtonCO2_eq],East Asia,SSP4,baseline,0.002488752,0.004473379,0.00716635,0.011309032
N2O [GtonCO2_eq],East Asia,SSP4,optimistic,0.002702955,0.004792621,0.007640345,0.012027059
N2O [GtonCO2_eq],East Asia,SSP5,pessimistic,0.002823752,0.006330195,0.01503914,0.019965164
N2O [GtonCO2_eq],East Asia,SSP5,baseline,0.002823752,0.006330195,0.01503914,0.019965164
N2O [GtonCO2_eq],East Asia,SSP5,optimistic,0.00305368,0.006739643,0.015914409,0.021144362
N2O [GtonCO2_eq],North Africa and Middle East,SSP1,pessimistic,0.002984876,0.006269822,0.014391187,0.019967922
N2O [GtonCO2_eq],North Africa and Middle East,SSP1,baseline,0.002984876,0.006269822,0.014391187,0.019967922
N2O [GtonCO2_eq],North Africa and Middle East,SSP1,optimistic,0.003222601,0.006676886,0.015234638,0.021148992
N2O [GtonCO2_eq],North Africa and Middle East,SSP2,pessimistic,0.002781756,0.005310439,0.010726799,0.019045121
N2O [GtonCO2_eq],North Africa and Middle East,SSP2,baseline,0.002781756,0.005310439,0.010726799,0.019045121
N2O [GtonCO2_eq],North Africa and Middle East,SSP2,optimistic,0.003009943,0.005670868,0.011383332,0.02017699
N2O [GtonCO2_eq],North Africa and Middle East,SSP3,pessimistic,0.002688839,0.004676593,0.006987441,0.010017086
N2O [GtonCO2_eq],North Africa and Middle East,SSP3,baseline,0.002688839,0.004676593,0.006987441,0.010017086
N2O [GtonCO2_eq],North Africa and Middle East,SSP3,optimistic,0.002912662,0.005006211,0.007453232,0.010667605
N2O [GtonCO2_eq],North Africa and Middle East,SSP4,pessimistic,0.002655258,0.004766126,0.007602258,0.011887179
N2O [GtonCO2_eq],North Africa and Middle East,SSP4,baseline,0.002655258,0.004766126,0.007602258,0.011887179
N2O [GtonCO2_eq],North Africa and Middle East,SSP4,optimistic,0.002877505,0.005100096,0.008099411,0.012637406
N2O [GtonCO2_eq],North Africa and Middle East,SSP5,pessimistic,0.003001051,0.006586668,0.016038226,0.021462082
N2O [GtonCO2_eq],North Africa and Middle East,SSP5,baseline,0.003001051,0.006586668,0.016038226,0.021462082
N2O [GtonCO2_eq],North Africa and Middle East,SSP5,optimistic,0.003239535,0.007009134,0.016965691,0.022722816
N2O [GtonCO2_eq],Median,SSP1,pessimistic,0.002902003,0.006165653,0.014079542,0.019519126
N2O [GtonCO2_eq],Median,SSP1,baseline,0.002902003,0.006165653,0.014079542,0.019519126
N2O [GtonCO2_eq],Median,SSP1,optimistic,0.003138054,0.006574771,0.01493056,0.020719744
N2O [GtonCO2_eq],Median,SSP2,pessimistic,0.002713767,0.005182329,0.010585778,0.018659772
N2O [GtonCO2_eq],Median,SSP2,baseline,0.002713767,0.005182329,0.010585778,0.018659772
N2O [GtonCO2_eq],Median,SSP2,optimistic,0.002940898,0.005542824,0.011253604,0.019812871
N2O [GtonCO2_eq],Median,SSP3,pessimistic,0.002611249,0.004567635,0.006827637,0.009802152
N2O [GtonCO2_eq],Median,SSP3,baseline,0.002611249,0.004567635,0.006827637,0.009802152
N2O [GtonCO2_eq],Median,SSP3,optimistic,0.002833523,0.004897735,0.007298408,0.010465458
N2O [GtonCO2_eq],Median,SSP4,pessimistic,0.002577646,0.004638791,0.007435363,0.011720176
N2O [GtonCO2_eq],Median,SSP4,baseline,0.002577646,0.004638791,0.007435363,0.011720176
N2O [GtonCO2_eq],Median,SSP4,optimistic,0.002798328,0.004972409,0.007938,0.012489542
N2O [GtonCO2_eq],Median,SSP5,pessimistic,0.00291871,0.006495425,0.015675637,0.020599371
N2O [GtonCO2_eq],Median,SSP5,baseline,0.00291871,0.006495425,0.015675637,0.020599371
N2O [GtonCO2_eq],Median,SSP5,optimistic,0.003155552,0.00692085,0.016610345,0.021859723
CO2_b [GtonCO2_eq],Central Europe,SSP1,pessimistic,0.00759319,0.012958626,0.024161907,0.030782819
CO2_b [GtonCO2_eq],Central Europe,SSP1,baseline,0.00759319,0.012958626,0.024161907,0.030782819
CO2_b [GtonCO2_eq],Central Europe,SSP1,optimistic,0.008155434,0.01379662,0.025576631,0.032540363
CO2_b [GtonCO2_eq],Central Europe,SSP2,pessimistic,0.007433442,0.011151011,0.020469162,0.031217067
CO2_b [GtonCO2_eq],Central Europe,SSP2,baseline,0.007433442,0.011151011,0.020469162,0.031217067
CO2_b [GtonCO2_eq],Central Europe,SSP2,optimistic,0.007987504,0.011896317,0.021694241,0.032996947
CO2_b [GtonCO2_eq],Central Europe,SSP3,pessimistic,0.007376442,0.01097559,0.0149577,0.019531101
CO2_b [GtonCO2_eq],Central Europe,SSP3,baseline,0.007376442,0.01097559,0.0149577,0.019531101
CO2_b [GtonCO2_eq],Central Europe,SSP3,optimistic,0.007927584,0.011711901,0.015899731,0.0207099
CO2_b [GtonCO2_eq],Central Europe,SSP4,pessimistic,0.00732642,0.010973431,0.015351747,0.023078401
CO2_b [GtonCO2_eq],Central Europe,SSP4,baseline,0.00732642,0.010973431,0.015351747,0.023078401
CO2_b [GtonCO2_eq],Central Europe,SSP4,optimistic,0.007874999,0.011709631,0.016314015,0.024439659
CO2_b [GtonCO2_eq],Central Europe,SSP5,pessimistic,0.007577078,0.013546687,0.025908752,0.031805592
CO2_b [GtonCO2_eq],Central Europe,SSP5,baseline,0.007577078,0.013546687,0.025908752,0.031805592
CO2_b [GtonCO2_eq],Central Europe,SSP5,optimistic,0.008138497,0.014414834,0.027413188,0.033615743
CO2_b [GtonCO2_eq],Central Latin America,SSP1,pessimistic,0.004509507,0.009582681,0.021295565,0.028838482
CO2_b [GtonCO2_eq],Central Latin America,SSP1,baseline,0.004509507,0.009582681,0.021295565,0.028838482
CO2_b [GtonCO2_eq],Central Latin America,SSP1,optimistic,0.004913331,0.0102461,0.022558327,0.030487211
CO2_b [GtonCO2_eq],Central Latin America,SSP2,pessimistic,0.004230036,0.007977116,0.016147435,0.027633851
CO2_b [GtonCO2_eq],Central Latin America,SSP2,baseline,0.004230036,0.007977116,0.016147435,0.027633851
CO2_b [GtonCO2_eq],Central Latin America,SSP2,optimistic,0.00461956,0.008558378,0.01714677,0.029220941
CO2_b [GtonCO2_eq],Central Latin America,SSP3,pessimistic,0.004049161,0.007032041,0.010283525,0.014463834
CO2_b [GtonCO2_eq],Central Latin America,SSP3,baseline,0.004049161,0.007032041,0.010283525,0.014463834
CO2_b [GtonCO2_eq],Central Latin America,SSP3,optimistic,0.00442943,0.007564944,0.010982807,0.015377021
CO2_b [GtonCO2_eq],Central Latin America,SSP4,pessimistic,0.00399498,0.007115652,0.011214415,0.017455138
CO2_b [GtonCO2_eq],Central Latin America,SSP4,baseline,0.00399498,0.007115652,0.011214415,0.017455138
CO2_b [GtonCO2_eq],Central Latin America,SSP4,optimistic,0.004372476,0.007652833,0.01196133,0.018521388
CO2_b [GtonCO2_eq],Central Latin America,SSP5,pessimistic,0.004537302,0.010126427,0.02368966,0.030961086
CO2_b [GtonCO2_eq],Central Latin America,SSP5,baseline,0.004537302,0.010126427,0.02368966,0.030961086
CO2_b [GtonCO2_eq],Central Latin America,SSP5,optimistic,0.004942549,0.010817669,0.025074928,0.032718428
CO2_b [GtonCO2_eq],East Asia,SSP1,pessimistic,0.004514862,0.009564875,0.021183477,0.02872866
CO2_b [GtonCO2_eq],East Asia,SSP1,baseline,0.004514862,0.009564875,0.021183477,0.02872866
CO2_b [GtonCO2_eq],East Asia,SSP1,optimistic,0.004918818,0.010226941,0.022439103,0.030369186
CO2_b [GtonCO2_eq],East Asia,SSP2,pessimistic,0.004235578,0.007982543,0.016097754,0.027460351
CO2_b [GtonCO2_eq],East Asia,SSP2,baseline,0.004235578,0.007982543,0.016097754,0.027460351
CO2_b [GtonCO2_eq],East Asia,SSP2,optimistic,0.004625247,0.008563691,0.017093421,0.029036076
CO2_b [GtonCO2_eq],East Asia,SSP3,pessimistic,0.004054867,0.007038197,0.010288797,0.014466538
CO2_b [GtonCO2_eq],East Asia,SSP3,baseline,0.004054867,0.007038197,0.010288797,0.014466538
CO2_b [GtonCO2_eq],East Asia,SSP3,optimistic,0.004435292,0.007571052,0.010987537,0.01537838
CO2_b [GtonCO2_eq],East Asia,SSP4,pessimistic,0.004000683,0.007121752,0.011219196,0.017410204
CO2_b [GtonCO2_eq],East Asia,SSP4,baseline,0.004000683,0.007121752,0.011219196,0.017410204
CO2_b [GtonCO2_eq],East Asia,SSP4,optimistic,0.004378337,0.00765888,0.011965494,0.018472445
CO2_b [GtonCO2_eq],East Asia,SSP5,pessimistic,0.004542642,0.010089559,0.023579473,0.030763548
CO2_b [GtonCO2_eq],East Asia,SSP5,baseline,0.004542642,0.010089559,0.023579473,0.030763548
CO2_b [GtonCO2_eq],East Asia,SSP5,optimistic,0.004948019,0.010778457,0.024957571,0.03250804
CO2_b [GtonCO2_eq],North Africa and Middle East,SSP1,pessimistic,0.004801232,0.009983374,0.022523038,0.030694041
CO2_b [GtonCO2_eq],North Africa and Middle East,SSP1,baseline,0.004801232,0.009983374,0.022523038,0.030694041
CO2_b [GtonCO2_eq],North Africa and Middle East,SSP1,optimistic,0.005220955,0.010670331,0.023858545,0.032456203
CO2_b [GtonCO2_eq],North Africa and Middle East,SSP2,pessimistic,0.004472812,0.008451645,0.016780494,0.029274043
CO2_b [GtonCO2_eq],North Africa and Middle East,SSP2,baseline,0.004472812,0.008451645,0.016780494,0.029274043
CO2_b [GtonCO2_eq],North Africa and Middle East,SSP2,optimistic,0.004875696,0.0090599,0.017820039,0.030962797
CO2_b [GtonCO2_eq],North Africa and Middle East,SSP3,pessimistic,0.004322577,0.00743966,0.010920464,0.01538178
CO2_b [GtonCO2_eq],North Africa and Middle East,SSP3,baseline,0.004322577,0.00743966,0.010920464,0.01538178
CO2_b [GtonCO2_eq],North Africa and Middle East,SSP3,optimistic,0.004717757,0.00799592,0.011657991,0.016352358
CO2_b [GtonCO2_eq],North Africa and Middle East,SSP4,pessimistic,0.004268281,0.007582607,0.011883957,0.018259464
CO2_b [GtonCO2_eq],North Africa and Middle East,SSP4,baseline,0.004268281,0.007582607,0.011883957,0.018259464
CO2_b [GtonCO2_eq],North Africa and Middle East,SSP4,optimistic,0.004660677,0.008146211,0.012671141,0.019378807
CO2_b [GtonCO2_eq],North Africa and Middle East,SSP5,pessimistic,0.004827384,0.010489242,0.025104149,0.032993241
CO2_b [GtonCO2_eq],North Africa and Middle East,SSP5,baseline,0.004827384,0.010489242,0.025104149,0.032993241
CO2_b [GtonCO2_eq],North Africa and Middle East,SSP5,optimistic,0.005248449,0.011202191,0.026572683,0.034874262
CO2_b [GtonCO2_eq],Median,SSP1,pessimistic,0.004654265,0.009766373,0.021844674,0.029641089
CO2_b [GtonCO2_eq],Median,SSP1,baseline,0.004654265,0.009766373,0.021844674,0.029641089
CO2_b [GtonCO2_eq],Median,SSP1,optimistic,0.005064977,0.01043759,0.023130414,0.031321431
CO2_b [GtonCO2_eq],Median,SSP2,pessimistic,0.004350656,0.008204035,0.016415412,0.028334366
CO2_b [GtonCO2_eq],Median,SSP2,baseline,0.004350656,0.008204035,0.016415412,0.028334366
CO2_b [GtonCO2_eq],Median,SSP2,optimistic,0.004745848,0.008795478,0.017424381,0.029948202
CO2_b [GtonCO2_eq],Median,SSP3,pessimistic,0.004185302,0.007227388,0.010575313,0.014865581
CO2_b [GtonCO2_eq],Median,SSP3,baseline,0.004185302,0.007227388,0.010575313,0.014865581
CO2_b [GtonCO2_eq],Median,SSP3,optimistic,0.004572043,0.007768964,0.011286567,0.01579392
CO2_b [GtonCO2_eq],Median,SSP4,pessimistic,0.004131104,0.007340443,0.01151971,0.017782104
CO2_b [GtonCO2_eq],Median,SSP4,baseline,0.004131104,0.007340443,0.01151971,0.017782104
CO2_b [GtonCO2_eq],Median,SSP4,optimistic,0.004515074,0.007887791,0.012279108,0.018858881
CO2_b [GtonCO2_eq],Median,SSP5,pessimistic,0.004681212,0.010290327,0.024324984,0.031283697
CO2_b [GtonCO2_eq],Median,SSP5,baseline,0.004681212,0.010290327,0.024324984,0.031283697
CO2_b [GtonCO2_eq],Median,SSP5,optimistic,0.005093301,0.010988297,0.025737165,0.033047639
Eutrop. [MtonPO4_eq],Central Europe,SSP1,pessimistic,0.134463298,0.230088772,0.430219903,0.549277609
Eutrop. [MtonPO4_eq],Central Europe,SSP1,baseline,0.134463298,0.230088772,0.430219903,0.549277609
Eutrop. [MtonPO4_eq],Central Europe,SSP1,optimistic,0.140966981,0.239825798,0.446768393,0.569972489
Eutrop. [MtonPO4_eq],Central Europe,SSP2,pessimistic,0.131624955,0.197930673,0.364399365,0.557032491
Eutrop. [MtonPO4_eq],Central Europe,SSP2,baseline,0.131624955,0.197930673,0.364399365,0.557032491
Eutrop. [MtonPO4_eq],Central Europe,SSP2,optimistic,0.138033985,0.206590717,0.37872951,0.577990374
Eutrop. [MtonPO4_eq],Central Europe,SSP3,pessimistic,0.130612192,0.194809882,0.266161505,0.348342233
Eutrop. [MtonPO4_eq],Central Europe,SSP3,baseline,0.130612192,0.194809882,0.266161505,0.348342233
Eutrop. [MtonPO4_eq],Central Europe,SSP3,optimistic,0.136987448,0.20336541,0.277180746,0.362222465
Eutrop. [MtonPO4_eq],Central Europe,SSP4,pessimistic,0.129723406,0.194771467,0.273185104,0.411690601
Eutrop. [MtonPO4_eq],Central Europe,SSP4,baseline,0.129723406,0.194771467,0.273185104,0.411690601
Eutrop. [MtonPO4_eq],Central Europe,SSP4,optimistic,0.136069023,0.203325708,0.284441061,0.427719269
Eutrop. [MtonPO4_eq],Central Europe,SSP5,pessimistic,0.134177024,0.240550577,0.46135617,0.567542474
Eutrop. [MtonPO4_eq],Central Europe,SSP5,baseline,0.134177024,0.240550577,0.46135617,0.567542474
Eutrop. [MtonPO4_eq],Central Europe,SSP5,optimistic,0.14067116,0.250637972,0.478954043,0.588856799
Eutrop. [MtonPO4_eq],Central Latin America,SSP1,pessimistic,0.080463578,0.173280097,0.391565909,0.538530599
Eutrop. [MtonPO4_eq],Central Latin America,SSP1,baseline,0.080463578,0.173280097,0.391565909,0.538530599
Eutrop. [MtonPO4_eq],Central Latin America,SSP1,optimistic,0.085395676,0.181846012,0.409193132,0.56327259
Eutrop. [MtonPO4_eq],Central Latin America,SSP2,pessimistic,0.075452023,0.144187999,0.296838343,0.516026621
Eutrop. [MtonPO4_eq],Central Latin America,SSP2,baseline,0.075452023,0.144187999,0.296838343,0.516026621
Eutrop. [MtonPO4_eq],Central Latin America,SSP2,optimistic,0.080209462,0.151693131,0.310788314,0.539843595
Eutrop. [MtonPO4_eq],Central Latin America,SSP3,pessimistic,0.072208524,0.127063702,0.188940165,0.26999451
Eutrop. [MtonPO4_eq],Central Latin America,SSP3,baseline,0.072208524,0.127063702,0.188940165,0.26999451
Eutrop. [MtonPO4_eq],Central Latin America,SSP3,optimistic,0.076852924,0.133944431,0.198701611,0.283698428
Eutrop. [MtonPO4_eq],Central Latin America,SSP4,pessimistic,0.071236929,0.128578679,0.206068889,0.325875735
Eutrop. [MtonPO4_eq],Central Latin America,SSP4,baseline,0.071236929,0.128578679,0.206068889,0.325875735
Eutrop. [MtonPO4_eq],Central Latin America,SSP4,optimistic,0.075847468,0.135514649,0.21649526,0.34187663
Eutrop. [MtonPO4_eq],Central Latin America,SSP5,pessimistic,0.080962014,0.183132513,0.435618188,0.578183452
Eutrop. [MtonPO4_eq],Central Latin America,SSP5,baseline,0.080962014,0.183132513,0.435618188,0.578183452
Eutrop. [MtonPO4_eq],Central Latin America,SSP5,optimistic,0.085911483,0.192057677,0.454955487,0.604555358
Eutrop. [MtonPO4_eq],East Asia,SSP1,pessimistic,0.081346598,0.176207431,0.401942019,0.560518858
Eutrop. [MtonPO4_eq],East Asia,SSP1,baseline,0.081346598,0.176207431,0.401942019,0.560518858
Eutrop. [MtonPO4_eq],East Asia,SSP1,optimistic,0.086516002,0.185529217,0.422039855,0.589941751
Eutrop. [MtonPO4_eq],East Asia,SSP2,pessimistic,0.076292082,0.147011312,0.305408625,0.535772411
Eutrop. [MtonPO4_eq],East Asia,SSP2,baseline,0.076292082,0.147011312,0.305408625,0.535772411
Eutrop. [MtonPO4_eq],East Asia,SSP2,optimistic,0.081278663,0.155193778,0.321345498,0.564033102
Eutrop. [MtonPO4_eq],East Asia,SSP3,pessimistic,0.073021543,0.129586873,0.195147347,0.282245343
Eutrop. [MtonPO4_eq],East Asia,SSP3,baseline,0.073021543,0.129586873,0.195147347,0.282245343
Eutrop. [MtonPO4_eq],East Asia,SSP3,optimistic,0.077889827,0.137089386,0.20633153,0.298599279
Eutrop. [MtonPO4_eq],East Asia,SSP4,pessimistic,0.072040921,0.131128572,0.212807485,0.339680296
Eutrop. [MtonPO4_eq],East Asia,SSP4,baseline,0.072040921,0.131128572,0.212807485,0.339680296
Eutrop. [MtonPO4_eq],East Asia,SSP4,optimistic,0.076873735,0.138691247,0.224752889,0.358731632
Eutrop. [MtonPO4_eq],East Asia,SSP5,pessimistic,0.081849368,0.185888551,0.447421016,0.600222295
Eutrop. [MtonPO4_eq],East Asia,SSP5,baseline,0.081849368,0.185888551,0.447421016,0.600222295
Eutrop. [MtonPO4_eq],East Asia,SSP5,optimistic,0.087036958,0.195588124,0.469479173,0.631509838
Eutrop. [MtonPO4_eq],North Africa and Middle East,SSP1,pessimistic,0.085969691,0.18168937,0.418687431,0.58199425
Eutrop. [MtonPO4_eq],North Africa and Middle East,SSP1,baseline,0.085969691,0.18168937,0.418687431,0.58199425
Eutrop. [MtonPO4_eq],North Africa and Middle East,SSP1,optimistic,0.091151339,0.190737353,0.437920393,0.60952162
Eutrop. [MtonPO4_eq],North Africa and Middle East,SSP2,pessimistic,0.080061281,0.153757515,0.311862002,0.555058782
Eutrop. [MtonPO4_eq],North Africa and Middle East,SSP2,baseline,0.080061281,0.153757515,0.311862002,0.555058782
Eutrop. [MtonPO4_eq],North Africa and Middle East,SSP2,optimistic,0.085035034,0.161768915,0.326832736,0.581439414
Eutrop. [MtonPO4_eq],North Africa and Middle East,SSP3,pessimistic,0.077358477,0.135303476,0.202851022,0.291541133
Eutrop. [MtonPO4_eq],North Africa and Middle East,SSP3,baseline,0.077358477,0.135303476,0.202851022,0.291541133
Eutrop. [MtonPO4_eq],North Africa and Middle East,SSP3,optimistic,0.082237129,0.142630024,0.213472329,0.306702883
Eutrop. [MtonPO4_eq],North Africa and Middle East,SSP4,pessimistic,0.076381668,0.13791018,0.220774368,0.34612695
Eutrop. [MtonPO4_eq],North Africa and Middle East,SSP4,baseline,0.076381668,0.13791018,0.220774368,0.34612695
Eutrop. [MtonPO4_eq],North Africa and Middle East,SSP4,optimistic,0.08122595,0.145333466,0.232110798,0.363612612
Eutrop. [MtonPO4_eq],North Africa and Middle East,SSP5,pessimistic,0.08644019,0.190914126,0.466702447,0.625606987
Eutrop. [MtonPO4_eq],North Africa and Middle East,SSP5,baseline,0.08644019,0.190914126,0.466702447,0.625606987
Eutrop. [MtonPO4_eq],North Africa and Middle East,SSP5,optimistic,0.091638392,0.200304451,0.48785116,0.654991106
Eutrop. [MtonPO4_eq],Median,SSP1,pessimistic,0.083478968,0.178326529,0.40832049,0.566409114
Eutrop. [MtonPO4_eq],Median,SSP1,baseline,0.083478968,0.178326529,0.40832049,0.566409114
Eutrop. [MtonPO4_eq],Median,SSP1,optimistic,0.088618839,0.187399419,0.427640949,0.594207743
Eutrop. [MtonPO4_eq],Median,SSP2,pessimistic,0.078008526,0.149749454,0.306784997,0.541434453
Eutrop. [MtonPO4_eq],Median,SSP2,baseline,0.078008526,0.149749454,0.306784997,0.541434453
Eutrop. [MtonPO4_eq],Median,SSP2,optimistic,0.082954184,0.157744044,0.321946491,0.568132846
Eutrop. [MtonPO4_eq],Median,SSP3,pessimistic,0.07502919,0.131885406,0.19756621,0.284013208
Eutrop. [MtonPO4_eq],Median,SSP3,baseline,0.07502919,0.131885406,0.19756621,0.284013208
Eutrop. [MtonPO4_eq],Median,SSP3,optimistic,0.079869075,0.139205931,0.208254025,0.299371133
Eutrop. [MtonPO4_eq],Median,SSP4,pessimistic,0.074052644,0.133953306,0.215227889,0.339755066
Eutrop. [MtonPO4_eq],Median,SSP4,baseline,0.074052644,0.133953306,0.215227889,0.339755066
Eutrop. [MtonPO4_eq],Median,SSP4,optimistic,0.078857858,0.141351859,0.22663914,0.357568649
Eutrop. [MtonPO4_eq],Median,SSP5,pessimistic,0.083964485,0.187910268,0.454706077,0.597803337
Eutrop. [MtonPO4_eq],Median,SSP5,baseline,0.083964485,0.187910268,0.454706077,0.597803337
Eutrop. [MtonPO4_eq],Median,SSP5,optimistic,0.089121593,0.197344781,0.475926521,0.626985012
