,,,,2020,2030,2040,2050
Land [Mkm2],Central Europe,SSP1,pessimistic,6.788090584,9.744049892,14.34339186,15.42858652
Land [Mkm2],Central Europe,SSP1,baseline,6.788090584,9.744049892,14.34339186,15.42858652
Land [Mkm2],Central Europe,SSP1,optimistic,8.228053162,11.49428397,16.47987974,17.35794054
Land [Mkm2],Central Europe,SSP2,pessimistic,6.789837672,8.850782983,12.09993233,15.11950716
Land [Mkm2],Central Europe,SSP2,baseline,6.789837672,8.850782983,12.09993233,15.11950716
Land [Mkm2],Central Europe,SSP2,optimistic,8.230178734,10.47792752,13.95136678,17.01475054
Land [Mkm2],Central Europe,SSP3,pessimistic,6.846199205,9.067272108,10.15681512,10.43235565
Land [Mkm2],Central Europe,SSP3,baseline,6.846199205,9.067272108,10.15681512,10.43235565
Land [Mkm2],Central Europe,SSP3,optimistic,8.294580337,10.72477823,11.76222075,11.80909967
Land [Mkm2],Central Europe,SSP4,pessimistic,6.794470676,9.064119328,10.31866286,11.58430938
Land [Mkm2],Central Europe,SSP4,baseline,6.794470676,9.064119328,10.31866286,11.58430938
Land [Mkm2],Central Europe,SSP4,optimistic,8.235369886,10.72118573,11.94473153,13.08867968
Land [Mkm2],Central Europe,SSP5,pessimistic,6.782312611,9.910370429,15.79962175,16.56570183
Land [Mkm2],Central Europe,SSP5,baseline,6.782312611,9.910370429,15.79962175,16.56570183
Land [Mkm2],Central Europe,SSP5,optimistic,8.22145754,11.68328989,18.1220604,18.62174542
Land [Mkm2],Central Latin America,SSP1,pessimistic,3.991374104,7.522715064,11.74185946,12.58664396
Land [Mkm2],Central Latin America,SSP1,baseline,3.991374104,7.522715064,11.74185946,12.58664396
Land [Mkm2],Central Latin America,SSP1,optimistic,5.053780071,9.03042412,13.70590907,14.49871541
Land [Mkm2],Central Latin America,SSP2,pessimistic,3.817438282,6.386483129,10.4013319,13.84465809
Land [Mkm2],Central Latin America,SSP2,baseline,3.817438282,6.386483129,10.4013319,13.84465809
Land [Mkm2],Central Latin America,SSP2,optimistic,4.854585463,7.733385795,12.18941516,15.92360689
Land [Mkm2],Central Latin America,SSP3,pessimistic,3.659065368,5.870687221,7.618520053,9.308832854
Land [Mkm2],Central Latin America,SSP3,baseline,3.659065368,5.870687221,7.618520053,9.308832854
Land [Mkm2],Central Latin America,SSP3,optimistic,4.673044212,7.144343757,9.031219567,10.81707722
Land [Mkm2],Central Latin America,SSP4,pessimistic,3.579369812,5.929009088,8.136072567,11.01837253
Land [Mkm2],Central Latin America,SSP4,baseline,3.579369812,5.929009088,8.136072567,11.01837253
Land [Mkm2],Central Latin America,SSP4,optimistic,4.581743656,7.210946201,9.619148142,12.74573402
Land [Mkm2],Central Latin America,SSP5,pessimistic,4.015361312,7.721751416,12.18229818,12.38564249
Land [Mkm2],Central Latin America,SSP5,baseline,4.015361312,7.721751416,12.18229818,12.38564249
Land [Mkm2],Central Latin America,SSP5,optimistic,5.081272573,9.257196979,14.20316316,14.26537606
Land [Mkm2],East Asia,SSP1,pessimistic,3.969575011,7.510692882,11.57213857,12.44502931
Land [Mkm2],East Asia,SSP1,baseline,3.969575011,7.510692882,11.57213857,12.44502931
Land [Mkm2],East Asia,SSP1,optimistic,5.029754262,9.01931426,13.51914131,14.34837067
Land [Mkm2],East Asia,SSP2,pessimistic,3.794604942,6.376478289,10.35955188,13.7403324
Land [Mkm2],East Asia,SSP2,baseline,3.794604942,6.376478289,10.35955188,13.7403324
Land [Mkm2],East Asia,SSP2,optimistic,4.829359384,7.724429832,12.14803865,15.81732328
Land [Mkm2],East Asia,SSP3,pessimistic,3.635210773,5.85660281,7.633640774,9.374761541
Land [Mkm2],East Asia,SSP3,baseline,3.635210773,5.85660281,7.633640774,9.374761541
Land [Mkm2],East Asia,SSP3,optimistic,4.646630957,7.130630793,9.053739109,10.90157584
Land [Mkm2],East Asia,SSP4,pessimistic,3.55542542,5.91528288,8.154975425,11.10141703
Land [Mkm2],East Asia,SSP4,baseline,3.55542542,5.91528288,8.154975425,11.10141703
Land [Mkm2],East Asia,SSP4,optimistic,4.555221637,7.197652717,9.646154186,12.85067316
Land [Mkm2],East Asia,SSP5,pessimistic,3.993667463,7.697464663,11.98376108,12.26952841
Land [Mkm2],East Asia,SSP5,baseline,3.993667463,7.697464663,11.98376108,12.26952841
Land [Mkm2],East Asia,SSP5,optimistic,5.057369673,9.232152255,13.98340522,14.14313252
Land [Mkm2],North Africa and Middle East,SSP1,pessimistic,3.961854288,7.629860433,12.44461092,13.66449223
Land [Mkm2],North Africa and Middle East,SSP1,baseline,3.961854288,7.629860433,12.44461092,13.66449223
Land [Mkm2],North Africa and Middle East,SSP1,optimistic,5.027719552,9.170075551,14.54069911,15.77632423
Land [Mkm2],North Africa and Middle East,SSP2,pessimistic,3.741624508,6.435980769,10.69936984,14.82894971
Land [Mkm2],North Africa and Middle East,SSP2,baseline,3.741624508,6.435980769,10.69936984,14.82894971
Land [Mkm2],North Africa and Middle East,SSP2,optimistic,4.775558909,7.806680659,12.56309854,17.09696979
Land [Mkm2],North Africa and Middle East,SSP3,pessimistic,3.538992308,5.857332819,7.7105409,9.519781794
Land [Mkm2],North Africa and Middle East,SSP3,baseline,3.538992308,5.857332819,7.7105409,9.519781794
Land [Mkm2],North Africa and Middle East,SSP3,optimistic,4.543202227,7.145939242,9.167946306,11.10679859
Land [Mkm2],North Africa and Middle East,SSP4,pessimistic,3.456516019,5.92486723,8.259433513,11.35620571
Land [Mkm2],North Africa and Middle East,SSP4,baseline,3.456516019,5.92486723,8.259433513,11.35620571
Land [Mkm2],North Africa and Middle East,SSP4,optimistic,4.448709839,7.222829603,9.791877482,13.18207423
Land [Mkm2],North Africa and Middle East,SSP5,pessimistic,3.985708251,7.843514137,13.02852493,13.45612088
Land [Mkm2],North Africa and Middle East,SSP5,baseline,3.985708251,7.843514137,13.02852493,13.45612088
Land [Mkm2],North Africa and Middle East,SSP5,optimistic,5.054979544,9.413650585,15.20144842,15.53570597
Land [Mkm2],Median,SSP1,pessimistic,4.07373633,8.019081624,13.45186735,15.50533959
Land [Mkm2],Median,SSP1,baseline,4.07373633,8.019081624,13.45186735,15.50533959
Land [Mkm2],Median,SSP1,optimistic,5.18032626,9.675532183,15.82988809,18.09854422
Land [Mkm2],Median,SSP2,pessimistic,3.891892621,6.779884889,11.77627077,17.01064838
Land [Mkm2],Median,SSP2,baseline,3.891892621,6.779884889,11.77627077,17.01064838
Land [Mkm2],Median,SSP2,optimistic,4.971895854,8.257003805,13.92184223,19.82103997
Land [Mkm2],Median,SSP3,pessimistic,3.728024114,6.197874362,8.555630838,11.23393737
Land [Mkm2],Median,SSP3,baseline,3.728024114,6.197874362,8.555630838,11.23393737
Land [Mkm2],Median,SSP3,optimistic,4.783804884,7.590659407,10.24480957,13.24916305
Land [Mkm2],Median,SSP4,pessimistic,3.645580173,6.26433741,9.155773134,13.36548538
Land [Mkm2],Median,SSP4,baseline,3.645580173,6.26433741,9.155773134,13.36548538
Land [Mkm2],Median,SSP4,optimistic,4.689243188,7.666621747,10.93046109,15.67829629
Land [Mkm2],Median,SSP5,pessimistic,4.099406724,8.234332931,14.00620986,15.20148484
Land [Mkm2],Median,SSP5,baseline,4.099406724,8.234332931,14.00620986,15.20148484
Land [Mkm2],Median,SSP5,optimistic,5.209741294,9.921625713,16.45982128,17.74451032
Water Cons. Blue [BCM],Central Europe,SSP1,pessimistic,9.534827813,14.41472883,24.00143899,29.16177201
Water Cons. Blue [BCM],Central Europe,SSP1,baseline,9.534827813,14.41472883,24.00143899,29.16177201
Water Cons. Blue [BCM],Central Europe,SSP1,optimistic,10.42078638,15.43550309,25.06478827,29.8353476
Water Cons. Blue [BCM],Central Europe,SSP2,pessimistic,9.506241376,12.92585114,19.8621078,28.4243686
Water Cons. Blue [BCM],Central Europe,SSP2,baseline,9.506241376,12.92585114,19.8621078,28.4243686
Water Cons. Blue [BCM],Central Europe,SSP2,optimistic,10.39308856,13.87962095,20.79778597,29.09146275
Water Cons. Blue [BCM],Central Europe,SSP3,pessimistic,9.616077855,13.15520772,16.14254008,18.67579515
Water Cons. Blue [BCM],Central Europe,SSP3,baseline,9.616077855,13.15520772,16.14254008,18.67579515
Water Cons. Blue [BCM],Central Europe,SSP3,optimistic,10.50840478,14.12948651,16.98137976,19.22844103
Water Cons. Blue [BCM],Central Europe,SSP4,pessimistic,9.555901062,13.15138138,16.40245211,20.97039053
Water Cons. Blue [BCM],Central Europe,SSP4,baseline,9.555901062,13.15138138,16.40245211,20.97039053
Water Cons. Blue [BCM],Central Europe,SSP4,optimistic,10.44360581,14.12538762,17.25128348,21.55459407
Water Cons. Blue [BCM],Central Europe,SSP5,pessimistic,9.52286424,14.75093901,26.43619507,31.34166765
Water Cons. Blue [BCM],Central Europe,SSP5,baseline,9.52286424,14.75093901,26.43619507,31.34166765
Water Cons. Blue [BCM],Central Europe,SSP5,optimistic,10.40835736,15.78237377,27.59343093,32.06060733
Water Cons. Blue [BCM],Central Latin America,SSP1,pessimistic,6.632293987,13.90655013,30.04140968,42.77985149
Water Cons. Blue [BCM],Central Latin America,SSP1,baseline,6.632293987,13.90655013,30.04140968,42.77985149
Water Cons. Blue [BCM],Central Latin America,SSP1,optimistic,7.495836925,15.44877549,33.06975641,47.212175
Water Cons. Blue [BCM],Central Latin America,SSP2,pessimistic,6.365434377,11.70593123,24.2649236,43.24858864
Water Cons. Blue [BCM],Central Latin America,SSP2,baseline,6.365434377,11.70593123,24.2649236,43.24858864
Water Cons. Blue [BCM],Central Latin America,SSP2,optimistic,7.208822799,13.07618026,26.87932778,47.81248326
Water Cons. Blue [BCM],Central Latin America,SSP3,pessimistic,6.181428924,10.82987872,16.90862748,24.96844978
Water Cons. Blue [BCM],Central Latin America,SSP3,baseline,6.181428924,10.82987872,16.90862748,24.96844978
Water Cons. Blue [BCM],Central Latin America,SSP3,optimistic,7.007717098,12.12772563,18.91150819,27.94425368
Water Cons. Blue [BCM],Central Latin America,SSP4,pessimistic,6.065661463,10.9314423,18.00911496,29.67455589
Water Cons. Blue [BCM],Central Latin America,SSP4,baseline,6.065661463,10.9314423,18.00911496,29.67455589
Water Cons. Blue [BCM],Central Latin America,SSP4,optimistic,6.882592916,12.23765794,20.11106157,33.10144968
Water Cons. Blue [BCM],Central Latin America,SSP5,pessimistic,6.661574999,14.45502757,32.37795661,45.87452278
Water Cons. Blue [BCM],Central Latin America,SSP5,baseline,6.661574999,14.45502757,32.37795661,45.87452278
Water Cons. Blue [BCM],Central Latin America,SSP5,optimistic,7.527743268,16.03295308,35.5650127,50.50229537
Water Cons. Blue [BCM],East Asia,SSP1,pessimistic,6.042791781,11.63984568,21.69329327,27.35563922
Water Cons. Blue [BCM],East Asia,SSP1,baseline,6.042791781,11.63984568,21.69329327,27.35563922
Water Cons. Blue [BCM],East Asia,SSP1,optimistic,6.725749678,12.61674594,22.95125686,28.56564117
Water Cons. Blue [BCM],East Asia,SSP2,pessimistic,5.79832823,9.798192452,17.78339725,27.7498985
Water Cons. Blue [BCM],East Asia,SSP2,baseline,5.79832823,9.798192452,17.78339725,27.7498985
Water Cons. Blue [BCM],East Asia,SSP2,optimistic,6.465311217,10.67105695,18.95030522,29.09700525
Water Cons. Blue [BCM],East Asia,SSP3,pessimistic,5.628172892,9.060451411,12.51083628,16.42996861
Water Cons. Blue [BCM],East Asia,SSP3,baseline,5.628172892,9.060451411,12.51083628,16.42996861
Water Cons. Blue [BCM],East Asia,SSP3,optimistic,6.280621604,9.886893477,13.44408224,17.45174518
Water Cons. Blue [BCM],East Asia,SSP4,pessimistic,5.521836502,9.145958799,13.32939982,19.51773368
Water Cons. Blue [BCM],East Asia,SSP4,baseline,5.521836502,9.145958799,13.32939982,19.51773368
Water Cons. Blue [BCM],East Asia,SSP4,optimistic,6.166716253,9.977744811,14.30840599,20.68642495
Water Cons. Blue [BCM],East Asia,SSP5,pessimistic,6.069817587,12.05420251,23.3537704,29.14411337
Water Cons. Blue [BCM],East Asia,SSP5,baseline,6.069817587,12.05420251,23.3537704,29.14411337
Water Cons. Blue [BCM],East Asia,SSP5,optimistic,6.754978739,13.04747975,24.63935229,30.31531168
Water Cons. Blue [BCM],North Africa and Middle East,SSP1,pessimistic,12.21104394,35.36349633,109.6592136,194.9440561
Water Cons. Blue [BCM],North Africa and Middle East,SSP1,baseline,12.21104394,35.36349633,109.6592136,194.9440561
Water Cons. Blue [BCM],North Africa and Middle East,SSP1,optimistic,14.5521832,41.68738368,128.4329088,228.714899
Water Cons. Blue [BCM],North Africa and Middle East,SSP2,pessimistic,11.55802255,29.82182795,84.09111394,192.0282552
Water Cons. Blue [BCM],North Africa and Middle East,SSP2,baseline,11.55802255,29.82182795,84.09111394,192.0282552
Water Cons. Blue [BCM],North Africa and Middle East,SSP2,optimistic,13.82271689,35.38558397,99.07109634,225.404022
Water Cons. Blue [BCM],North Africa and Middle East,SSP3,pessimistic,11.20765198,27.1133133,57.67349008,104.1725383
Water Cons. Blue [BCM],North Africa and Middle East,SSP3,baseline,11.20765198,27.1133133,57.67349008,104.1725383
Water Cons. Blue [BCM],North Africa and Middle East,SSP3,optimistic,13.42720887,32.30679045,68.68861317,123.7779215
Water Cons. Blue [BCM],North Africa and Middle East,SSP4,pessimistic,10.99882458,27.71735832,61.62313185,123.6781891
Water Cons. Blue [BCM],North Africa and Middle East,SSP4,baseline,10.99882458,27.71735832,61.62313185,123.6781891
Water Cons. Blue [BCM],North Africa and Middle East,SSP4,optimistic,13.19317409,32.99134028,73.2344637,146.3697274
Water Cons. Blue [BCM],North Africa and Middle East,SSP5,pessimistic,12.32468147,36.84065336,119.9896704,210.0139867
Water Cons. Blue [BCM],North Africa and Middle East,SSP5,baseline,12.32468147,36.84065336,119.9896704,210.0139867
Water Cons. Blue [BCM],North Africa and Middle East,SSP5,optimistic,14.67854812,43.36268306,140.2903373,246.1002635
Water Cons. Blue [BCM],Median,SSP1,pessimistic,7.800868634,18.28528781,44.56326498,70.72979436
Water Cons. Blue [BCM],Median,SSP1,baseline,7.800868634,18.28528781,44.56326498,70.72979436
Water Cons. Blue [BCM],Median,SSP1,optimistic,8.925108868,20.67271096,50.24246368,80.12379395
Water Cons. Blue [BCM],Median,SSP2,pessimistic,7.457243168,15.39526031,35.69753901,70.4243141
Water Cons. Blue [BCM],Median,SSP2,baseline,7.457243168,15.39526031,35.69753901,70.4243141
Water Cons. Blue [BCM],Median,SSP2,optimistic,8.553232012,17.50354548,40.44766911,79.82689025
Water Cons. Blue [BCM],Median,SSP3,pessimistic,7.257659055,14.12704027,25.05115848,40.62012908
Water Cons. Blue [BCM],Median,SSP3,baseline,7.257659055,14.12704027,25.05115848,40.62012908
Water Cons. Blue [BCM],Median,SSP3,optimistic,8.333560583,16.11241053,28.64122908,46.5120857
Water Cons. Blue [BCM],Median,SSP4,pessimistic,7.123236968,14.34647412,26.71485098,48.24601065
Water Cons. Blue [BCM],Median,SSP4,baseline,7.123236968,14.34647412,26.71485098,48.24601065
Water Cons. Blue [BCM],Median,SSP4,optimistic,8.187085259,16.35174621,30.48931015,55.05506237
Water Cons. Blue [BCM],Median,SSP5,pessimistic,7.854735881,18.93388058,48.3608964,76.21350523
Water Cons. Blue [BCM],Median,SSP5,baseline,7.854735881,18.93388058,48.3608964,76.21350523
Water Cons. Blue [BCM],Median,SSP5,optimistic,8.983323321,21.38011151,54.43173199,86.22498913
Water Cons. Green [BCM],Central Europe,SSP1,pessimistic,201.1321217,383.4233156,881.8945492,1424.170029
Water Cons. Green [BCM],Central Europe,SSP1,baseline,201.1321217,383.4233156,881.8945492,1424.170029
Water Cons. Green [BCM],Central Europe,SSP1,optimistic,235.7378331,443.0435891,1007.276017,1622.062433
Water Cons. Green [BCM],Central Europe,SSP2,pessimistic,200.2037874,342.6576431,726.7946367,1386.790023
Water Cons. Green [BCM],Central Europe,SSP2,baseline,200.2037874,342.6576431,726.7946367,1386.790023
Water Cons. Green [BCM],Central Europe,SSP2,optimistic,234.7206994,397.3023555,832.949805,1580.019929
Water Cons. Green [BCM],Central Europe,SSP3,pessimistic,202.6391522,347.3782268,584.0871348,898.200682
Water Cons. Green [BCM],Central Europe,SSP3,baseline,202.6391522,347.3782268,584.0871348,898.200682
Water Cons. Green [BCM],Central Europe,SSP3,optimistic,237.4400741,402.7038013,672.7499297,1030.379051
Water Cons. Green [BCM],Central Europe,SSP4,pessimistic,201.5297151,347.2889299,593.4557727,1012.228581
Water Cons. Green [BCM],Central Europe,SSP4,baseline,201.5297151,347.2889299,593.4557727,1012.228581
Water Cons. Green [BCM],Central Europe,SSP4,optimistic,236.1824002,402.6025408,683.302659,1158.698655
Water Cons. Green [BCM],Central Europe,SSP5,pessimistic,200.8512809,393.3140436,969.6111564,1529.053117
Water Cons. Green [BCM],Central Europe,SSP5,baseline,200.8512809,393.3140436,969.6111564,1529.053117
Water Cons. Green [BCM],Central Europe,SSP5,optimistic,235.4250265,454.0952415,1106.078025,1740.301156
Water Cons. Green [BCM],Central Latin America,SSP1,pessimistic,100.2239539,184.564692,354.9299292,445.0138767
Water Cons. Green [BCM],Central Latin America,SSP1,baseline,100.2239539,184.564692,354.9299292,445.0138767
Water Cons. Green [BCM],Central Latin America,SSP1,optimistic,119.2449562,212.8619407,399.3143266,495.3008132
Water Cons. Green [BCM],Central Latin America,SSP2,pessimistic,96.47318928,155.5070608,280.0925182,441.6530462
Water Cons. Green [BCM],Central Latin America,SSP2,baseline,96.47318928,155.5070608,280.0925182,441.6530462
Water Cons. Green [BCM],Central Latin America,SSP2,optimistic,115.0412393,180.4869968,317.4141584,492.8587392
Water Cons. Green [BCM],Central Latin America,SSP3,pessimistic,94.2328504,144.3918928,193.0642569,246.1882941
Water Cons. Green [BCM],Central Latin America,SSP3,baseline,94.2328504,144.3918928,193.0642569,246.1882941
Water Cons. Green [BCM],Central Latin America,SSP3,optimistic,112.4920773,168.0430419,221.1614394,278.8045604
Water Cons. Green [BCM],Central Latin America,SSP4,pessimistic,92.66340662,145.6865741,205.3241858,292.5733872
Water Cons. Green [BCM],Central Latin America,SSP4,baseline,92.66340662,145.6865741,205.3241858,292.5733872
Water Cons. Green [BCM],Central Latin America,SSP4,optimistic,110.7280766,169.4912498,234.8243044,330.1873255
Water Cons. Green [BCM],Central Latin America,SSP5,pessimistic,100.5909888,192.5368903,386.0251981,485.0504006
Water Cons. Green [BCM],Central Latin America,SSP5,baseline,100.5909888,192.5368903,386.0251981,485.0504006
Water Cons. Green [BCM],Central Latin America,SSP5,optimistic,119.6612129,221.6598091,433.2473805,538.1000974
Water Cons. Green [BCM],East Asia,SSP1,pessimistic,98.22067004,176.3294156,320.1083647,384.4753989
Water Cons. Green [BCM],East Asia,SSP1,baseline,98.22067004,176.3294156,320.1083647,384.4753989
Water Cons. Green [BCM],East Asia,SSP1,optimistic,116.5636565,202.4783897,357.2392701,421.9504621
Water Cons. Green [BCM],East Asia,SSP2,pessimistic,94.55900652,148.6072999,254.8130092,379.8203585
Water Cons. Green [BCM],East Asia,SSP2,baseline,94.55900652,148.6072999,254.8130092,379.8203585
Water Cons. Green [BCM],East Asia,SSP2,optimistic,112.4651934,171.7028399,286.4482341,418.2155413
Water Cons. Green [BCM],East Asia,SSP3,pessimistic,92.37342664,138.0212556,176.9037771,214.6519306
Water Cons. Green [BCM],East Asia,SSP3,baseline,92.37342664,138.0212556,176.9037771,214.6519306
Water Cons. Green [BCM],East Asia,SSP3,optimistic,109.9803454,159.8871667,200.9337979,239.8317369
Water Cons. Green [BCM],East Asia,SSP4,pessimistic,90.83828519,139.2551899,188.1170831,254.8684588
Water Cons. Green [BCM],East Asia,SSP4,baseline,90.83828519,139.2551899,188.1170831,254.8684588
Water Cons. Green [BCM],East Asia,SSP4,optimistic,108.2573861,161.2630762,213.3470399,283.8702924
Water Cons. Green [BCM],East Asia,SSP5,pessimistic,98.57916565,183.2561416,348.8333223,418.183126
Water Cons. Green [BCM],East Asia,SSP5,baseline,98.57916565,183.2561416,348.8333223,418.183126
Water Cons. Green [BCM],East Asia,SSP5,optimistic,116.9698043,210.0957532,388.281721,457.3871742
Water Cons. Green [BCM],North Africa and Middle East,SSP1,pessimistic,102.8708625,190.1501256,371.3373074,457.9910915
Water Cons. Green [BCM],North Africa and Middle East,SSP1,baseline,102.8708625,190.1501256,371.3373074,457.9910915
Water Cons. Green [BCM],North Africa and Middle East,SSP1,optimistic,121.814433,218.0849324,414.5384969,504.2549946
Water Cons. Green [BCM],North Africa and Middle East,SSP2,pessimistic,97.47668545,160.4048122,282.8639282,449.5610697
Water Cons. Green [BCM],North Africa and Middle East,SSP2,baseline,97.47668545,160.4048122,282.8639282,449.5610697
Water Cons. Green [BCM],North Africa and Middle East,SSP2,optimistic,115.7986001,185.0268932,318.2268759,496.4002791
Water Cons. Green [BCM],North Africa and Middle East,SSP3,pessimistic,94.93107444,145.8279696,193.2526177,241.8016051
Water Cons. Green [BCM],North Africa and Middle East,SSP3,baseline,94.93107444,145.8279696,193.2526177,241.8016051
Water Cons. Green [BCM],North Africa and Middle East,SSP3,optimistic,112.8899801,168.8322727,219.6583293,270.8937385
Water Cons. Green [BCM],North Africa and Middle East,SSP4,pessimistic,93.2634873,149.2226547,206.5007993,287.1855284
Water Cons. Green [BCM],North Africa and Middle East,SSP4,baseline,93.2634873,149.2226547,206.5007993,287.1855284
Water Cons. Green [BCM],North Africa and Middle East,SSP4,optimistic,111.0199181,172.5534658,234.3196725,320.7886908
Water Cons. Green [BCM],North Africa and Middle East,SSP5,pessimistic,103.8634722,198.3474641,407.2833294,494.8748442
Water Cons. Green [BCM],North Africa and Middle East,SSP5,baseline,103.8634722,198.3474641,407.2833294,494.8748442
Water Cons. Green [BCM],North Africa and Middle East,SSP5,optimistic,122.909778,227.1082253,453.5639195,543.2121803
Water Cons. Green [BCM],Median,SSP1,pessimistic,101.9817438,188.3269713,350.9862017,436.7698513
Water Cons. Green [BCM],Median,SSP1,baseline,101.9817438,188.3269713,350.9862017,436.7698513
Water Cons. Green [BCM],Median,SSP1,optimistic,121.0444333,216.656522,394.2384061,484.7837948
Water Cons. Green [BCM],Median,SSP2,pessimistic,97.62855298,158.7915422,278.4085693,431.9721616
Water Cons. Green [BCM],Median,SSP2,baseline,97.62855298,158.7915422,278.4085693,431.9721616
Water Cons. Green [BCM],Median,SSP2,optimistic,116.1859282,183.7806107,314.8427911,480.8086141
Water Cons. Green [BCM],Median,SSP3,pessimistic,95.47312145,145.9091455,194.6799229,246.6344714
Water Cons. Green [BCM],Median,SSP3,baseline,95.47312145,145.9091455,194.6799229,246.6344714
Water Cons. Green [BCM],Median,SSP3,optimistic,113.7299199,169.4127225,222.3036311,278.1562988
Water Cons. Green [BCM],Median,SSP4,pessimistic,93.86346178,148.2714571,207.5134579,292.8350536
Water Cons. Green [BCM],Median,SSP4,baseline,93.86346178,148.2714571,207.5134579,292.8350536
Water Cons. Green [BCM],Median,SSP4,optimistic,111.9228829,172.0193126,236.5656051,329.2041108
Water Cons. Green [BCM],Median,SSP5,pessimistic,102.6752423,195.2850829,382.5554909,472.9297974
Water Cons. Green [BCM],Median,SSP5,baseline,102.6752423,195.2850829,382.5554909,472.9297974
Water Cons. Green [BCM],Median,SSP5,optimistic,121.8162344,224.3473983,428.6451511,523.2256966
Fossil Fuels [EJ],Central Europe,SSP1,pessimistic,0.224092974,0.367484306,0.707960409,0.979840917
Fossil Fuels [EJ],Central Europe,SSP1,baseline,0.224092974,0.367484306,0.707960409,0.979840917
Fossil Fuels [EJ],Central Europe,SSP1,optimistic,0.192109605,0.322045005,0.632841869,0.883339043
Fossil Fuels [EJ],Central Europe,SSP2,pessimistic,0.222686294,0.326046207,0.579640239,0.953726703
Fossil Fuels [EJ],Central Europe,SSP2,baseline,0.222686294,0.326046207,0.579640239,0.953726703
Fossil Fuels [EJ],Central Europe,SSP2,optimistic,0.190827685,0.284552346,0.515957133,0.859198538
Fossil Fuels [EJ],Central Europe,SSP3,pessimistic,0.225519781,0.329603626,0.458441481,0.605426998
Fossil Fuels [EJ],Central Europe,SSP3,baseline,0.225519781,0.329603626,0.458441481,0.605426998
Fossil Fuels [EJ],Central Europe,SSP3,optimistic,0.193419953,0.287696988,0.40567121,0.540860763
Fossil Fuels [EJ],Central Europe,SSP4,pessimistic,0.224329097,0.329523888,0.466081745,0.686675989
Fossil Fuels [EJ],Central Europe,SSP4,baseline,0.224329097,0.329523888,0.466081745,0.686675989
Fossil Fuels [EJ],Central Europe,SSP4,optimistic,0.192362782,0.287625912,0.412571617,0.614900611
Fossil Fuels [EJ],Central Europe,SSP5,pessimistic,0.223739847,0.378071146,0.778334066,1.051526673
Fossil Fuels [EJ],Central Europe,SSP5,baseline,0.223739847,0.378071146,0.778334066,1.051526673
Fossil Fuels [EJ],Central Europe,SSP5,optimistic,0.191788999,0.331659644,0.696730227,0.948814364
Fossil Fuels [EJ],Central Latin America,SSP1,pessimistic,0.143419859,0.280176712,0.597421309,0.813724802
Fossil Fuels [EJ],Central Latin America,SSP1,baseline,0.143419859,0.280176712,0.597421309,0.813724802
Fossil Fuels [EJ],Central Latin America,SSP1,optimistic,0.119935353,0.24347186,0.533343336,0.733396584
Fossil Fuels [EJ],Central Latin America,SSP2,pessimistic,0.137832999,0.234638915,0.461754228,0.796329227
Fossil Fuels [EJ],Central Latin America,SSP2,baseline,0.137832999,0.234638915,0.461754228,0.796329227
Fossil Fuels [EJ],Central Latin America,SSP2,optimistic,0.114928073,0.202343726,0.409074293,0.716098263
Fossil Fuels [EJ],Central Latin America,SSP3,pessimistic,0.134798141,0.217376569,0.312380853,0.428250879
Fossil Fuels [EJ],Central Latin America,SSP3,baseline,0.134798141,0.217376569,0.312380853,0.428250879
Fossil Fuels [EJ],Central Latin America,SSP3,optimistic,0.11225729,0.186864289,0.273400378,0.379207124
Fossil Fuels [EJ],Central Latin America,SSP4,pessimistic,0.132564435,0.219370687,0.332687147,0.510711437
Fossil Fuels [EJ],Central Latin America,SSP4,baseline,0.132564435,0.219370687,0.332687147,0.510711437
Fossil Fuels [EJ],Central Latin America,SSP4,optimistic,0.110254363,0.188656947,0.291706622,0.453991366
Fossil Fuels [EJ],Central Latin America,SSP5,pessimistic,0.143926567,0.293470399,0.654848908,0.896955262
Fossil Fuels [EJ],Central Latin America,SSP5,baseline,0.143926567,0.293470399,0.654848908,0.896955262
Fossil Fuels [EJ],Central Latin America,SSP5,optimistic,0.120383347,0.255568824,0.586026467,0.810896932
Fossil Fuels [EJ],East Asia,SSP1,pessimistic,0.148585653,0.29870627,0.653989745,0.932924142
Fossil Fuels [EJ],East Asia,SSP1,baseline,0.148585653,0.29870627,0.653989745,0.932924142
Fossil Fuels [EJ],East Asia,SSP1,optimistic,0.125998412,0.264908034,0.600219435,0.87125736
Fossil Fuels [EJ],East Asia,SSP2,pessimistic,0.142833169,0.250295401,0.510017408,0.90856281
Fossil Fuels [EJ],East Asia,SSP2,baseline,0.142833169,0.250295401,0.510017408,0.90856281
Fossil Fuels [EJ],East Asia,SSP2,optimistic,0.120802293,0.220532567,0.465196281,0.846653462
Fossil Fuels [EJ],East Asia,SSP3,pessimistic,0.139709998,0.231964883,0.347742279,0.496219293
Fossil Fuels [EJ],East Asia,SSP3,baseline,0.139709998,0.231964883,0.347742279,0.496219293
Fossil Fuels [EJ],East Asia,SSP3,optimistic,0.118031255,0.203844093,0.314246623,0.457220887
Fossil Fuels [EJ],East Asia,SSP4,pessimistic,0.137404694,0.234082708,0.370295852,0.590947821
Fossil Fuels [EJ],East Asia,SSP4,baseline,0.137404694,0.234082708,0.370295852,0.590947821
Fossil Fuels [EJ],East Asia,SSP4,optimistic,0.115948099,0.205776486,0.335083313,0.545922726
Fossil Fuels [EJ],East Asia,SSP5,pessimistic,0.149108078,0.31157125,0.718406687,1.024799051
Fossil Fuels [EJ],East Asia,SSP5,baseline,0.149108078,0.31157125,0.718406687,1.024799051
Fossil Fuels [EJ],East Asia,SSP5,optimistic,0.126464106,0.27677742,0.660737141,0.959332859
Fossil Fuels [EJ],North Africa and Middle East,SSP1,pessimistic,0.149593815,0.295222641,0.647620511,0.882834655
Fossil Fuels [EJ],North Africa and Middle East,SSP1,baseline,0.149593815,0.295222641,0.647620511,0.882834655
Fossil Fuels [EJ],North Africa and Middle East,SSP1,optimistic,0.125263023,0.256100813,0.575251514,0.78906939
Fossil Fuels [EJ],North Africa and Middle East,SSP2,pessimistic,0.141387143,0.247995942,0.483112984,0.855129486
Fossil Fuels [EJ],North Africa and Middle East,SSP2,baseline,0.141387143,0.247995942,0.483112984,0.855129486
Fossil Fuels [EJ],North Africa and Middle East,SSP2,optimistic,0.117884334,0.213588008,0.425520603,0.762549305
Fossil Fuels [EJ],North Africa and Middle East,SSP3,pessimistic,0.13809084,0.224550286,0.324617491,0.444876953
Fossil Fuels [EJ],North Africa and Middle East,SSP3,baseline,0.13809084,0.224550286,0.324617491,0.444876953
Fossil Fuels [EJ],North Africa and Middle East,SSP3,optimistic,0.115003464,0.192508136,0.282409536,0.390371454
Fossil Fuels [EJ],North Africa and Middle East,SSP4,pessimistic,0.135684529,0.230328653,0.347431369,0.529337896
Fossil Fuels [EJ],North Africa and Middle East,SSP4,baseline,0.135684529,0.230328653,0.347431369,0.529337896
Fossil Fuels [EJ],North Africa and Middle East,SSP4,optimistic,0.112846472,0.197775231,0.302891804,0.466280794
Fossil Fuels [EJ],North Africa and Middle East,SSP5,pessimistic,0.151166176,0.309027908,0.715546403,0.963997564
Fossil Fuels [EJ],North Africa and Middle East,SSP5,baseline,0.151166176,0.309027908,0.715546403,0.963997564
Fossil Fuels [EJ],North Africa and Middle East,SSP5,optimistic,0.126694919,0.268621609,0.637161003,0.863967222
Fossil Fuels [EJ],Median,SSP1,pessimistic,0.148850105,0.295320054,0.619837099,0.856344553
Fossil Fuels [EJ],Median,SSP1,baseline,0.148850105,0.295320054,0.619837099,0.856344553
Fossil Fuels [EJ],Median,SSP1,optimistic,0.124954648,0.257534974,0.554586099,0.774345669
Fossil Fuels [EJ],Median,SSP2,pessimistic,0.142146106,0.247809639,0.482677684,0.835367777
Fossil Fuels [EJ],Median,SSP2,baseline,0.142146106,0.247809639,0.482677684,0.835367777
Fossil Fuels [EJ],Median,SSP2,optimistic,0.118916582,0.214556129,0.4287513,0.753377003
Fossil Fuels [EJ],Median,SSP3,pessimistic,0.139227861,0.227023321,0.332623859,0.463206535
Fossil Fuels [EJ],Median,SSP3,baseline,0.139227861,0.227023321,0.332623859,0.463206535
Fossil Fuels [EJ],Median,SSP3,optimistic,0.116353723,0.195827387,0.292287814,0.411941076
Fossil Fuels [EJ],Median,SSP4,pessimistic,0.136893654,0.230999921,0.355035479,0.551194499
Fossil Fuels [EJ],Median,SSP4,baseline,0.136893654,0.230999921,0.355035479,0.551194499
Fossil Fuels [EJ],Median,SSP4,optimistic,0.114257501,0.19945629,0.312553999,0.491950075
Fossil Fuels [EJ],Median,SSP5,pessimistic,0.149914966,0.307116891,0.680670629,0.936817962
Fossil Fuels [EJ],Median,SSP5,baseline,0.149914966,0.307116891,0.680670629,0.936817962
Fossil Fuels [EJ],Median,SSP5,optimistic,0.12591916,0.268257979,0.610551235,0.849914567
Electricity [TWh],Central Europe,SSP1,pessimistic,13.05066995,21.64047123,41.14272342,55.38238713
Electricity [TWh],Central Europe,SSP1,baseline,13.05066995,21.64047123,41.14272342,55.38238713
Electricity [TWh],Central Europe,SSP1,optimistic,10.62688726,18.11108686,35.03742487,47.49144194
Electricity [TWh],Central Europe,SSP2,pessimistic,12.94877718,19.06321897,33.68808611,54.11569008
Electricity [TWh],Central Europe,SSP2,baseline,12.94877718,19.06321897,33.68808611,54.11569008
Electricity [TWh],Central Europe,SSP2,optimistic,10.54472456,15.89142971,28.57802598,46.37519922
Electricity [TWh],Central Europe,SSP3,pessimistic,13.09507872,19.24462406,26.32171695,34.10393713
Electricity [TWh],Central Europe,SSP3,baseline,13.09507872,19.24462406,26.32171695,34.10393713
Electricity [TWh],Central Europe,SSP3,optimistic,10.67339057,16.06989622,22.26321191,29.08170494
Electricity [TWh],Central Europe,SSP4,pessimistic,13.01742022,19.23971331,26.79981823,38.92410208
Electricity [TWh],Central Europe,SSP4,baseline,13.01742022,19.23971331,26.79981823,38.92410208
Electricity [TWh],Central Europe,SSP4,optimistic,10.60425403,16.0654832,22.6772936,33.23891579
Electricity [TWh],Central Europe,SSP5,pessimistic,13.02853953,22.3130661,45.21522736,59.29177591
Electricity [TWh],Central Europe,SSP5,baseline,13.02853953,22.3130661,45.21522736,59.29177591
Electricity [TWh],Central Europe,SSP5,optimistic,10.60811406,18.68094729,38.60194373,50.92868891
Electricity [TWh],Central Latin America,SSP1,pessimistic,8.02560346,16.60155829,35.89555768,48.54843432
Electricity [TWh],Central Latin America,SSP1,baseline,8.02560346,16.60155829,35.89555768,48.54843432
Electricity [TWh],Central Latin America,SSP1,optimistic,6.193652536,13.65990761,30.1496486,40.88167363
Electricity [TWh],Central Latin America,SSP2,pessimistic,7.657994181,13.76111144,27.67852738,47.64176984
Electricity [TWh],Central Latin America,SSP2,baseline,7.657994181,13.76111144,27.67852738,47.64176984
Electricity [TWh],Central Latin America,SSP2,optimistic,5.874747443,11.19866057,23.2242223,40.31411424
Electricity [TWh],Central Latin America,SSP3,pessimistic,7.445675962,12.6151693,18.40979349,25.44803179
Electricity [TWh],Central Latin America,SSP3,baseline,7.445675962,12.6151693,18.40979349,25.44803179
Electricity [TWh],Central Latin America,SSP3,optimistic,5.685269323,10.20470239,15.26444048,21.41663641
Electricity [TWh],Central Latin America,SSP4,pessimistic,7.307511264,12.74295235,19.71290549,30.54118811
Electricity [TWh],Central Latin America,SSP4,baseline,7.307511264,12.74295235,19.71290549,30.54118811
Electricity [TWh],Central Latin America,SSP4,optimistic,5.563168516,10.31598642,16.39654685,25.84342623
Electricity [TWh],Central Latin America,SSP5,pessimistic,8.06034346,17.42686489,39.3926558,53.21813211
Electricity [TWh],Central Latin America,SSP5,baseline,8.06034346,17.42686489,39.3926558,53.21813211
Electricity [TWh],Central Latin America,SSP5,optimistic,6.224498775,14.36008667,33.07841229,44.71387089
Electricity [TWh],East Asia,SSP1,pessimistic,8.05416909,16.63350193,35.44129806,48.23762451
Electricity [TWh],East Asia,SSP1,baseline,8.05416909,16.63350193,35.44129806,48.23762451
Electricity [TWh],East Asia,SSP1,optimistic,6.214519326,13.68264274,29.74461218,40.59131423
Electricity [TWh],East Asia,SSP2,pessimistic,7.687290087,13.79709227,27.54743969,47.10695943
Electricity [TWh],East Asia,SSP2,baseline,7.687290087,13.79709227,27.54743969,47.10695943
Electricity [TWh],East Asia,SSP2,optimistic,5.89614769,11.22494406,23.10257839,39.83943965
Electricity [TWh],East Asia,SSP3,pessimistic,7.4756472,12.65349912,18.45736625,25.50549228
Electricity [TWh],East Asia,SSP3,baseline,7.4756472,12.65349912,18.45736625,25.50549228
Electricity [TWh],East Asia,SSP3,optimistic,5.707162891,10.23270179,15.29919172,21.45861049
Electricity [TWh],East Asia,SSP4,pessimistic,7.337438794,12.78111822,19.76009837,30.56727477
Electricity [TWh],East Asia,SSP4,baseline,7.337438794,12.78111822,19.76009837,30.56727477
Electricity [TWh],East Asia,SSP4,optimistic,5.585030156,10.34386605,16.43102059,25.85992972
Electricity [TWh],East Asia,SSP5,pessimistic,8.088852841,17.39102179,38.9759634,52.74163955
Electricity [TWh],East Asia,SSP5,baseline,8.088852841,17.39102179,38.9759634,52.74163955
Electricity [TWh],East Asia,SSP5,optimistic,6.245324477,14.32528,32.70153328,44.29237838
Electricity [TWh],North Africa and Middle East,SSP1,pessimistic,8.452146069,17.67006141,39.54426571,53.97557697
Electricity [TWh],North Africa and Middle East,SSP1,baseline,8.452146069,17.67006141,39.54426571,53.97557697
Electricity [TWh],North Africa and Middle East,SSP1,optimistic,6.542857022,14.55354955,33.23274171,45.46674662
Electricity [TWh],North Africa and Middle East,SSP2,pessimistic,7.928087636,14.71692023,29.47380482,52.43093263
Electricity [TWh],North Africa and Middle East,SSP2,baseline,7.928087636,14.71692023,29.47380482,52.43093263
Electricity [TWh],North Africa and Middle East,SSP2,optimistic,6.089859771,11.99246894,24.73099021,44.35673935
Electricity [TWh],North Africa and Middle East,SSP3,pessimistic,7.7009208,13.20875874,19.52943996,27.17906591
Electricity [TWh],North Africa and Middle East,SSP3,baseline,7.7009208,13.20875874,19.52943996,27.17906591
Electricity [TWh],North Africa and Middle East,SSP3,optimistic,5.883260454,10.69157176,16.19200801,22.85016336
Electricity [TWh],North Africa and Middle East,SSP4,pessimistic,7.552473084,13.55240715,20.99852078,32.50022051
Electricity [TWh],North Africa and Middle East,SSP4,baseline,7.552473084,13.55240715,20.99852078,32.50022051
Electricity [TWh],North Africa and Middle East,SSP4,optimistic,5.752350928,10.98278602,17.46431283,27.47747334
Electricity [TWh],North Africa and Middle East,SSP5,pessimistic,8.543974055,18.52634423,43.71964105,58.69106382
Electricity [TWh],North Africa and Middle East,SSP5,baseline,8.543974055,18.52634423,43.71964105,58.69106382
Electricity [TWh],North Africa and Middle East,SSP5,optimistic,6.621332396,15.28139256,36.73819666,49.32957055
Electricity [TWh],Median,SSP1,pessimistic,8.265566868,17.17374192,36.3114339,49.30011128
Electricity [TWh],Median,SSP1,baseline,8.265566868,17.17374192,36.3114339,49.30011128
Electricity [TWh],Median,SSP1,optimistic,6.390553596,14.13849104,30.51180475,41.53141576
Electricity [TWh],Median,SSP2,pessimistic,7.836625196,14.2726368,28.11768104,48.18479001
Electricity [TWh],Median,SSP2,baseline,7.836625196,14.2726368,28.11768104,48.18479001
Electricity [TWh],Median,SSP2,optimistic,6.020671862,11.623652,23.5936933,40.78502
Electricity [TWh],Median,SSP3,pessimistic,7.634691838,12.94777991,19.01406934,26.3672407
Electricity [TWh],Median,SSP3,baseline,7.634691838,12.94777991,19.01406934,26.3672407
Electricity [TWh],Median,SSP3,optimistic,5.839585578,10.47805799,15.76536035,22.17825453
Electricity [TWh],Median,SSP4,pessimistic,7.49220361,13.18334245,20.39981078,31.56653196
Electricity [TWh],Median,SSP4,baseline,7.49220361,13.18334245,20.39981078,31.56653196
Electricity [TWh],Median,SSP4,optimistic,5.713867472,10.67917915,16.96726941,26.69882362
Electricity [TWh],Median,SSP5,pessimistic,8.329629082,17.90747343,39.93681489,53.61840778
Electricity [TWh],Median,SSP5,baseline,8.329629082,17.90747343,39.93681489,53.61840778
Electricity [TWh],Median,SSP5,optimistic,6.445964863,14.76285259,33.55235379,45.07527474
GHG [GtonCO2_eq],Central Europe,SSP1,pessimistic,0.477964613,0.725212418,1.194691415,1.478506575
GHG [GtonCO2_eq],Central Europe,SSP1,baseline,0.477964613,0.725212418,1.194691415,1.478506575
GHG [GtonCO2_eq],Central Europe,SSP1,optimistic,0.553095885,0.82138345,1.325578366,1.619877412
GHG [GtonCO2_eq],Central Europe,SSP2,pessimistic,0.477693919,0.65647401,1.002495996,1.447103252
GHG [GtonCO2_eq],Central Europe,SSP2,baseline,0.477693919,0.65647401,1.002495996,1.447103252
GHG [GtonCO2_eq],Central Europe,SSP2,optimistic,0.552855469,0.745920193,1.115912911,1.585917865
GHG [GtonCO2_eq],Central Europe,SSP3,pessimistic,0.481959228,0.671416339,0.833568089,0.983322601
GHG [GtonCO2_eq],Central Europe,SSP3,baseline,0.481959228,0.671416339,0.833568089,0.983322601
GHG [GtonCO2_eq],Central Europe,SSP3,optimistic,0.557551338,0.762559988,0.932055073,1.084301889
GHG [GtonCO2_eq],Central Europe,SSP4,pessimistic,0.478459584,0.671191572,0.847000181,1.096204015
GHG [GtonCO2_eq],Central Europe,SSP4,baseline,0.478459584,0.671191572,0.847000181,1.096204015
GHG [GtonCO2_eq],Central Europe,SSP4,optimistic,0.553661439,0.762310954,0.946744639,1.206459563
GHG [GtonCO2_eq],Central Europe,SSP5,pessimistic,0.477512592,0.738773484,1.316108712,1.587909216
GHG [GtonCO2_eq],Central Europe,SSP5,baseline,0.477512592,0.738773484,1.316108712,1.587909216
GHG [GtonCO2_eq],Central Europe,SSP5,optimistic,0.552601709,0.836168257,1.458430419,1.738631759
GHG [GtonCO2_eq],Central Latin America,SSP1,pessimistic,0.286032287,0.561163124,0.978865884,1.17791046
GHG [GtonCO2_eq],Central Latin America,SSP1,baseline,0.286032287,0.561163124,0.978865884,1.17791046
GHG [GtonCO2_eq],Central Latin America,SSP1,optimistic,0.341778703,0.644601139,1.098636395,1.309979467
GHG [GtonCO2_eq],Central Latin America,SSP2,pessimistic,0.27381942,0.475609737,0.847760913,1.267234518
GHG [GtonCO2_eq],Central Latin America,SSP2,baseline,0.27381942,0.475609737,0.847760913,1.267234518
GHG [GtonCO2_eq],Central Latin America,SSP2,optimistic,0.328247587,0.550145675,0.956715707,1.410635965
GHG [GtonCO2_eq],Central Latin America,SSP3,pessimistic,0.263289894,0.437800308,0.613724761,0.821371263
GHG [GtonCO2_eq],Central Latin America,SSP3,baseline,0.263289894,0.437800308,0.613724761,0.821371263
GHG [GtonCO2_eq],Central Latin America,SSP3,optimistic,0.31650832,0.508308955,0.699797399,0.92511766
GHG [GtonCO2_eq],Central Latin America,SSP4,pessimistic,0.257778691,0.442090958,0.655084224,0.973219192
GHG [GtonCO2_eq],Central Latin America,SSP4,baseline,0.257778691,0.442090958,0.655084224,0.973219192
GHG [GtonCO2_eq],Central Latin America,SSP4,optimistic,0.31038634,0.513056823,0.745428196,1.092046359
GHG [GtonCO2_eq],Central Latin America,SSP5,pessimistic,0.287640824,0.577672309,1.025620737,1.18687242
GHG [GtonCO2_eq],Central Latin America,SSP5,baseline,0.287640824,0.577672309,1.025620737,1.18687242
GHG [GtonCO2_eq],Central Latin America,SSP5,optimistic,0.343570361,0.662642487,1.148885201,1.317001286
GHG [GtonCO2_eq],East Asia,SSP1,pessimistic,0.283876918,0.556743543,0.953195459,1.144808507
GHG [GtonCO2_eq],East Asia,SSP1,baseline,0.283876918,0.556743543,0.953195459,1.144808507
GHG [GtonCO2_eq],East Asia,SSP1,optimistic,0.33921712,0.639310211,1.069344315,1.271750321
GHG [GtonCO2_eq],East Asia,SSP2,pessimistic,0.271644262,0.47186317,0.833699301,1.233521166
GHG [GtonCO2_eq],East Asia,SSP2,baseline,0.271644262,0.47186317,0.833699301,1.233521166
GHG [GtonCO2_eq],East Asia,SSP2,optimistic,0.325664537,0.545633459,0.940338082,1.371853573
GHG [GtonCO2_eq],East Asia,SSP3,pessimistic,0.2610914,0.434060948,0.607128415,0.810447292
GHG [GtonCO2_eq],East Asia,SSP3,baseline,0.2610914,0.434060948,0.607128415,0.810447292
GHG [GtonCO2_eq],East Asia,SSP3,optimistic,0.313899412,0.503812145,0.691808637,0.911885761
GHG [GtonCO2_eq],East Asia,SSP4,pessimistic,0.25559199,0.438344995,0.648232187,0.96059637
GHG [GtonCO2_eq],East Asia,SSP4,baseline,0.25559199,0.438344995,0.648232187,0.96059637
GHG [GtonCO2_eq],East Asia,SSP4,optimistic,0.307791362,0.508551666,0.73713355,1.076819739
GHG [GtonCO2_eq],East Asia,SSP5,pessimistic,0.285486247,0.572033399,0.997790879,1.155198197
GHG [GtonCO2_eq],East Asia,SSP5,baseline,0.285486247,0.572033399,0.997790879,1.155198197
GHG [GtonCO2_eq],East Asia,SSP5,optimistic,0.341009558,0.656020288,1.11710222,1.280418999
GHG [GtonCO2_eq],North Africa and Middle East,SSP1,pessimistic,0.282092328,0.553355175,0.977718335,1.162750282
GHG [GtonCO2_eq],North Africa and Middle East,SSP1,baseline,0.282092328,0.553355175,0.977718335,1.162750282
GHG [GtonCO2_eq],North Africa and Middle East,SSP1,optimistic,0.336150492,0.632692244,1.089149277,1.279973607
GHG [GtonCO2_eq],North Africa and Middle East,SSP2,pessimistic,0.266581829,0.46700138,0.819351764,1.230116017
GHG [GtonCO2_eq],North Africa and Middle East,SSP2,baseline,0.266581829,0.46700138,0.819351764,1.230116017
GHG [GtonCO2_eq],North Africa and Middle East,SSP2,optimistic,0.319023952,0.537591889,0.918229805,1.355675615
GHG [GtonCO2_eq],North Africa and Middle East,SSP3,pessimistic,0.253548095,0.425015187,0.584976925,0.760958148
GHG [GtonCO2_eq],North Africa and Middle East,SSP3,baseline,0.253548095,0.425015187,0.584976925,0.760958148
GHG [GtonCO2_eq],North Africa and Middle East,SSP3,optimistic,0.304485916,0.491388614,0.662235179,0.848324779
GHG [GtonCO2_eq],North Africa and Middle East,SSP4,pessimistic,0.24792692,0.430820756,0.626129641,0.905877869
GHG [GtonCO2_eq],North Africa and Middle East,SSP4,baseline,0.24792692,0.430820756,0.626129641,0.905877869
GHG [GtonCO2_eq],North Africa and Middle East,SSP4,optimistic,0.298252983,0.497684212,0.707357531,1.006416867
GHG [GtonCO2_eq],North Africa and Middle East,SSP5,pessimistic,0.283976,0.570378675,1.034532721,1.173757597
GHG [GtonCO2_eq],North Africa and Middle East,SSP5,baseline,0.283976,0.570378675,1.034532721,1.173757597
GHG [GtonCO2_eq],North Africa and Middle East,SSP5,optimistic,0.338209291,0.65126176,1.150131738,1.289578002
GHG [GtonCO2_eq],Median,SSP1,pessimistic,0.285430693,0.564289348,0.99007282,1.194067407
GHG [GtonCO2_eq],Median,SSP1,baseline,0.285430693,0.564289348,0.99007282,1.194067407
GHG [GtonCO2_eq],Median,SSP1,optimistic,0.341089132,0.648034044,1.11149079,1.328315531
GHG [GtonCO2_eq],Median,SSP2,pessimistic,0.272780454,0.476995834,0.84995457,1.27912374
GHG [GtonCO2_eq],Median,SSP2,baseline,0.272780454,0.476995834,0.84995457,1.27912374
GHG [GtonCO2_eq],Median,SSP2,optimistic,0.327108014,0.551663582,0.95942138,1.42435068
GHG [GtonCO2_eq],Median,SSP3,pessimistic,0.262281385,0.43648943,0.613546561,0.820955767
GHG [GtonCO2_eq],Median,SSP3,baseline,0.262281385,0.43648943,0.613546561,0.820955767
GHG [GtonCO2_eq],Median,SSP3,optimistic,0.315396344,0.506915043,0.699727946,0.924806709
GHG [GtonCO2_eq],Median,SSP4,pessimistic,0.256739565,0.441588115,0.655977132,0.9756616
GHG [GtonCO2_eq],Median,SSP4,baseline,0.256739565,0.441588115,0.655977132,0.9756616
GHG [GtonCO2_eq],Median,SSP4,optimistic,0.309242916,0.512497453,0.746505737,1.094865732
GHG [GtonCO2_eq],Median,SSP5,pessimistic,0.287254012,0.580455858,1.04089708,1.199402728
GHG [GtonCO2_eq],Median,SSP5,baseline,0.287254012,0.580455858,1.04089708,1.199402728
GHG [GtonCO2_eq],Median,SSP5,optimistic,0.343101593,0.665753555,1.166220873,1.331463097
Eutrop. [MtonPO4_eq],Central Europe,SSP1,pessimistic,2.486123997,3.880156251,6.693939751,8.653107469
Eutrop. [MtonPO4_eq],Central Europe,SSP1,baseline,2.486123997,3.880156251,6.693939751,8.653107469
Eutrop. [MtonPO4_eq],Central Europe,SSP1,optimistic,2.873368969,4.397079592,7.454998022,9.557788123
Eutrop. [MtonPO4_eq],Central Europe,SSP2,pessimistic,2.48328423,3.501758571,5.596333878,8.46338752
Eutrop. [MtonPO4_eq],Central Europe,SSP2,baseline,2.48328423,3.501758571,5.596333878,8.46338752
Eutrop. [MtonPO4_eq],Central Europe,SSP2,optimistic,2.870531874,3.981683891,6.254286195,9.351553366
Eutrop. [MtonPO4_eq],Central Europe,SSP3,pessimistic,2.506663118,3.578227275,4.623110892,5.698258117
Eutrop. [MtonPO4_eq],Central Europe,SSP3,baseline,2.506663118,3.578227275,4.623110892,5.698258117
Eutrop. [MtonPO4_eq],Central Europe,SSP3,optimistic,2.896157028,4.066822163,5.191365623,6.338935099
Eutrop. [MtonPO4_eq],Central Europe,SSP4,pessimistic,2.488673185,3.577048811,4.698502758,6.367892405
Eutrop. [MtonPO4_eq],Central Europe,SSP4,baseline,2.488673185,3.577048811,4.698502758,6.367892405
Eutrop. [MtonPO4_eq],Central Europe,SSP4,optimistic,2.876185644,4.065516286,5.27410816,7.069160003
Eutrop. [MtonPO4_eq],Central Europe,SSP5,pessimistic,2.483584238,3.957365851,7.376653382,9.295658638
Eutrop. [MtonPO4_eq],Central Europe,SSP5,baseline,2.483584238,3.957365851,7.376653382,9.295658638
Eutrop. [MtonPO4_eq],Central Europe,SSP5,optimistic,2.870597161,4.481310753,8.204018451,10.25982617
Eutrop. [MtonPO4_eq],Central Latin America,SSP1,pessimistic,1.462516268,2.896419704,5.186227337,6.338505846
Eutrop. [MtonPO4_eq],Central Latin America,SSP1,baseline,1.462516268,2.896419704,5.186227337,6.338505846
Eutrop. [MtonPO4_eq],Central Latin America,SSP1,optimistic,1.74077858,3.313545922,5.794730418,7.017949056
Eutrop. [MtonPO4_eq],Central Latin America,SSP2,pessimistic,1.399207697,2.446818936,4.424153208,6.729617905
Eutrop. [MtonPO4_eq],Central Latin America,SSP2,baseline,1.399207697,2.446818936,4.424153208,6.729617905
Eutrop. [MtonPO4_eq],Central Latin America,SSP2,optimistic,1.670849741,2.818954023,4.971708025,7.459324212
Eutrop. [MtonPO4_eq],Central Latin America,SSP3,pessimistic,1.346617392,2.251250071,3.169668234,4.251031073
Eutrop. [MtonPO4_eq],Central Latin America,SSP3,baseline,1.346617392,2.251250071,3.169668234,4.251031073
Eutrop. [MtonPO4_eq],Central Latin America,SSP3,optimistic,1.612342733,2.603176746,3.599335377,4.768694535
Eutrop. [MtonPO4_eq],Central Latin America,SSP4,pessimistic,1.318389213,2.273475712,3.384444514,5.045613504
Eutrop. [MtonPO4_eq],Central Latin America,SSP4,baseline,1.318389213,2.273475712,3.384444514,5.045613504
Eutrop. [MtonPO4_eq],Central Latin America,SSP4,optimistic,1.581095164,2.627690976,3.835546107,5.639170455
Eutrop. [MtonPO4_eq],Central Latin America,SSP5,pessimistic,1.470597972,2.988280731,5.468385505,6.475723185
Eutrop. [MtonPO4_eq],Central Latin America,SSP5,baseline,1.470597972,2.988280731,5.468385505,6.475723185
Eutrop. [MtonPO4_eq],Central Latin America,SSP5,optimistic,1.749759056,3.4135972,6.097747536,7.152889741
Eutrop. [MtonPO4_eq],East Asia,SSP1,pessimistic,1.474071293,2.959015991,5.321162096,6.655876825
Eutrop. [MtonPO4_eq],East Asia,SSP1,baseline,1.474071293,2.959015991,5.321162096,6.655876825
Eutrop. [MtonPO4_eq],East Asia,SSP1,optimistic,1.757246045,3.39332124,5.971803227,7.41524316
Eutrop. [MtonPO4_eq],East Asia,SSP2,pessimistic,1.409838097,2.500007334,4.581115787,7.064862879
Eutrop. [MtonPO4_eq],East Asia,SSP2,baseline,1.409838097,2.500007334,4.581115787,7.064862879
Eutrop. [MtonPO4_eq],East Asia,SSP2,optimistic,1.686224939,2.887448082,5.170076449,7.879319523
Eutrop. [MtonPO4_eq],East Asia,SSP3,pessimistic,1.356477223,2.299204601,3.302362133,4.520601716
Eutrop. [MtonPO4_eq],East Asia,SSP3,baseline,1.356477223,2.299204601,3.302362133,4.520601716
Eutrop. [MtonPO4_eq],East Asia,SSP3,optimistic,1.626807954,2.665470424,3.766154505,5.102044497
Eutrop. [MtonPO4_eq],East Asia,SSP4,pessimistic,1.327923112,2.3220067,3.526580882,5.365475418
Eutrop. [MtonPO4_eq],East Asia,SSP4,baseline,1.327923112,2.3220067,3.526580882,5.365475418
Eutrop. [MtonPO4_eq],East Asia,SSP4,optimistic,1.595172338,2.690668497,4.013588964,6.032506194
Eutrop. [MtonPO4_eq],East Asia,SSP5,pessimistic,1.482260174,3.046340811,5.609320991,6.810840042
Eutrop. [MtonPO4_eq],East Asia,SSP5,baseline,1.482260174,3.046340811,5.609320991,6.810840042
Eutrop. [MtonPO4_eq],East Asia,SSP5,optimistic,1.766353453,3.488696868,6.28218405,7.571399261
Eutrop. [MtonPO4_eq],North Africa and Middle East,SSP1,pessimistic,1.441475776,2.843832093,5.146912983,6.196212064
Eutrop. [MtonPO4_eq],North Africa and Middle East,SSP1,baseline,1.441475776,2.843832093,5.146912983,6.196212064
Eutrop. [MtonPO4_eq],North Africa and Middle East,SSP1,optimistic,1.709642983,3.234481743,5.6975349,6.77371737
Eutrop. [MtonPO4_eq],North Africa and Middle East,SSP2,pessimistic,1.360204031,2.392732577,4.232831597,6.454651435
Eutrop. [MtonPO4_eq],North Africa and Middle East,SSP2,baseline,1.360204031,2.392732577,4.232831597,6.454651435
Eutrop. [MtonPO4_eq],North Africa and Middle East,SSP2,optimistic,1.620252609,2.739942897,4.714518653,7.064336195
Eutrop. [MtonPO4_eq],North Africa and Middle East,SSP3,pessimistic,1.296025073,2.172785207,2.985246582,3.866408846
Eutrop. [MtonPO4_eq],North Africa and Middle East,SSP3,baseline,1.296025073,2.172785207,2.985246582,3.866408846
Eutrop. [MtonPO4_eq],North Africa and Middle East,SSP3,optimistic,1.548849363,2.498922512,3.358670298,4.279478735
Eutrop. [MtonPO4_eq],North Africa and Middle East,SSP4,pessimistic,1.267231954,2.206172133,3.198101574,4.610659445
Eutrop. [MtonPO4_eq],North Africa and Middle East,SSP4,baseline,1.267231954,2.206172133,3.198101574,4.610659445
Eutrop. [MtonPO4_eq],North Africa and Middle East,SSP4,optimistic,1.517051041,2.534976007,3.590901254,5.086378104
Eutrop. [MtonPO4_eq],North Africa and Middle East,SSP5,pessimistic,1.45199523,2.938068856,5.485894973,6.350443591
Eutrop. [MtonPO4_eq],North Africa and Middle East,SSP5,baseline,1.45199523,2.938068856,5.485894973,6.350443591
Eutrop. [MtonPO4_eq],North Africa and Middle East,SSP5,optimistic,1.721083727,3.336843374,6.060587517,6.929336709
Eutrop. [MtonPO4_eq],Median,SSP1,pessimistic,1.45177949,2.883395504,5.152586547,6.288110077
Eutrop. [MtonPO4_eq],Median,SSP1,baseline,1.45177949,2.883395504,5.152586547,6.288110077
Eutrop. [MtonPO4_eq],Median,SSP1,optimistic,1.727450419,3.295007126,5.75119098,6.95148742
Eutrop. [MtonPO4_eq],Median,SSP2,pessimistic,1.385517029,2.428143846,4.350806609,6.62518959
Eutrop. [MtonPO4_eq],Median,SSP2,baseline,1.385517029,2.428143846,4.350806609,6.62518959
Eutrop. [MtonPO4_eq],Median,SSP2,optimistic,1.654485976,2.794621186,4.883318095,7.331156064
Eutrop. [MtonPO4_eq],Median,SSP3,pessimistic,1.333614502,2.218415057,3.105192501,4.127648307
Eutrop. [MtonPO4_eq],Median,SSP3,baseline,1.333614502,2.218415057,3.105192501,4.127648307
Eutrop. [MtonPO4_eq],Median,SSP3,optimistic,1.596740759,2.563844878,3.521330816,4.619691713
Eutrop. [MtonPO4_eq],Median,SSP4,pessimistic,1.305302911,2.24647972,3.322796362,4.918033579
Eutrop. [MtonPO4_eq],Median,SSP4,baseline,1.305302911,2.24647972,3.322796362,4.918033579
Eutrop. [MtonPO4_eq],Median,SSP4,optimistic,1.565429424,2.59444119,3.760087003,5.483517006
Eutrop. [MtonPO4_eq],Median,SSP5,pessimistic,1.46144114,2.971401753,5.458002125,6.424641859
Eutrop. [MtonPO4_eq],Median,SSP5,baseline,1.46144114,2.971401753,5.458002125,6.424641859
Eutrop. [MtonPO4_eq],Median,SSP5,optimistic,1.738067554,3.391107528,6.079914731,7.088235181
